shelf life,age,waste_percentage (%)
1,1,50.28
1,2,75.27
1,3,87.71
1,4,93.89
1,5,96.96
1,6,98.49
1,7,99.25
1,8,99.63
1,9,99.81
1,10,99.91
1,11,99.95
1,12,99.98
1,13,99.99
1,14,99.99
1,15,100.0
1,16,100.0
1,17,100.0
1,18,100.0
1,19,100.0
1,20,100.0
1,21,100.0
1,22,100.0
1,23,100.0
1,24,100.0
1,25,100.0
1,26,100.0
1,27,100.0
1,28,100.0
1,29,100.0
1,30,100.0
1,31,100.0
1,32,100.0
1,33,100.0
1,34,100.0
1,35,100.0
1,36,100.0
1,37,100.0
1,38,100.0
1,39,100.0
1,40,100.0
1,41,100.0
1,42,100.0
1,43,100.0
1,44,100.0
1,45,100.0
1,46,100.0
1,47,100.0
1,48,100.0
1,49,100.0
1,50,100.0
1,51,100.0
1,52,100.0
1,53,100.0
1,54,100.0
1,55,100.0
1,56,100.0
1,57,100.0
1,58,100.0
1,59,100.0
1,60,100.0
1,61,100.0
1,62,100.0
1,63,100.0
1,64,100.0
1,65,100.0
1,66,100.0
1,67,100.0
1,68,100.0
1,69,100.0
1,70,100.0
1,71,100.0
1,72,100.0
1,73,100.0
1,74,100.0
1,75,100.0
1,76,100.0
1,77,100.0
1,78,100.0
1,79,100.0
1,80,100.0
1,81,100.0
1,82,100.0
1,83,100.0
1,84,100.0
1,85,100.0
1,86,100.0
1,87,100.0
1,88,100.0
1,89,100.0
2,1,20.67
2,2,37.07
2,3,50.08
2,4,60.4
2,5,68.59
2,6,75.08
2,7,80.23
2,8,84.32
2,9,87.56
2,10,90.13
2,11,92.17
2,12,93.79
2,13,95.08
2,14,96.09
2,15,96.9
2,16,97.54
2,17,98.05
2,18,98.45
2,19,98.77
2,20,99.03
2,21,99.23
2,22,99.39
2,23,99.51
2,24,99.61
2,25,99.69
2,26,99.76
2,27,99.81
2,28,99.85
2,29,99.88
2,30,99.9
2,31,99.92
2,32,99.94
2,33,99.95
2,34,99.96
2,35,99.97
2,36,99.98
2,37,99.98
2,38,99.98
2,39,99.99
2,40,99.99
2,41,99.99
2,42,99.99
2,43,100.0
2,44,100.0
2,45,100.0
2,46,100.0
2,47,100.0
2,48,100.0
2,49,100.0
2,50,100.0
2,51,100.0
2,52,100.0
2,53,100.0
2,54,100.0
2,55,100.0
2,56,100.0
2,57,100.0
2,58,100.0
2,59,100.0
2,60,100.0
2,61,100.0
2,62,100.0
2,63,100.0
2,64,100.0
2,65,100.0
2,66,100.0
2,67,100.0
2,68,100.0
2,69,100.0
2,70,100.0
2,71,100.0
2,72,100.0
2,73,100.0
2,74,100.0
2,75,100.0
2,76,100.0
2,77,100.0
2,78,100.0
2,79,100.0
2,80,100.0
2,81,100.0
2,82,100.0
2,83,100.0
2,84,100.0
2,85,100.0
2,86,100.0
2,87,100.0
2,88,100.0
2,89,100.0
3,1,10.92
3,2,20.65
3,3,29.32
3,4,37.04
3,5,43.92
3,6,50.05
3,7,55.5
3,8,60.36
3,9,64.69
3,10,68.55
3,11,71.98
3,12,75.05
3,13,77.77
3,14,80.2
3,15,82.36
3,16,84.29
3,17,86.01
3,18,87.53
3,19,88.9
3,20,90.11
3,21,91.19
3,22,92.15
3,23,93.01
3,24,93.77
3,25,94.45
3,26,95.06
3,27,95.6
3,28,96.08
3,29,96.51
3,30,96.89
3,31,97.23
3,32,97.53
3,33,97.8
3,34,98.04
3,35,98.26
3,36,98.45
3,37,98.62
3,38,98.77
3,39,98.9
3,40,99.02
3,41,99.13
3,42,99.22
3,43,99.31
3,44,99.38
3,45,99.45
3,46,99.51
3,47,99.56
3,48,99.61
3,49,99.65
3,50,99.69
3,51,99.73
3,52,99.76
3,53,99.78
3,54,99.81
3,55,99.83
3,56,99.85
3,57,99.86
3,58,99.88
3,59,99.89
3,60,99.9
3,61,99.91
3,62,99.92
3,63,99.93
3,64,99.94
3,65,99.95
3,66,99.95
3,67,99.96
3,68,99.96
3,69,99.97
3,70,99.97
3,71,99.97
3,72,99.98
3,73,99.98
3,74,99.98
3,75,99.98
3,76,99.98
3,77,99.99
3,78,99.99
3,79,99.99
3,80,99.99
3,81,99.99
3,82,99.99
3,83,99.99
3,84,99.99
3,85,99.99
3,86,100.0
3,87,100.0
3,88,100.0
3,89,100.0
4,1,6.7
4,2,12.96
4,3,18.79
4,4,24.23
4,5,29.31
4,6,34.05
4,7,38.47
4,8,42.59
4,9,46.44
4,10,50.03
4,11,53.38
4,12,56.5
4,13,59.42
4,14,62.14
4,15,64.68
4,16,67.05
4,17,69.25
4,18,71.31
4,19,73.24
4,20,75.03
4,21,76.7
4,22,78.27
4,23,79.72
4,24,81.08
4,25,82.35
4,26,83.53
4,27,84.64
4,28,85.67
4,29,86.63
4,30,87.52
4,31,88.36
4,32,89.14
4,33,89.87
4,34,90.55
4,35,91.18
4,36,91.77
4,37,92.32
4,38,92.84
4,39,93.32
4,40,93.77
4,41,94.18
4,42,94.57
4,43,94.94
4,44,95.28
4,45,95.59
4,46,95.89
4,47,96.16
4,48,96.42
4,49,96.66
4,50,96.88
4,51,97.09
4,52,97.29
4,53,97.47
4,54,97.64
4,55,97.8
4,56,97.95
4,57,98.08
4,58,98.21
4,59,98.33
4,60,98.44
4,61,98.55
4,62,98.65
4,63,98.74
4,64,98.82
4,65,98.9
4,66,98.97
4,67,99.04
4,68,99.11
4,69,99.17
4,70,99.22
4,71,99.27
4,72,99.32
4,73,99.37
4,74,99.41
4,75,99.45
4,76,99.49
4,77,99.52
4,78,99.55
4,79,99.58
4,80,99.61
4,81,99.64
4,82,99.66
4,83,99.68
4,84,99.71
4,85,99.73
4,86,99.74
4,87,99.76
4,88,99.78
4,89,99.79
5,1,4.52
5,2,8.83
5,3,12.95
5,4,16.89
5,5,20.64
5,6,24.23
5,7,27.65
5,8,30.92
5,9,34.04
5,10,37.02
5,11,39.87
5,12,42.59
5,13,45.18
5,14,47.66
5,15,50.02
5,16,52.28
5,17,54.44
5,18,56.5
5,19,58.46
5,20,60.34
5,21,62.13
5,22,63.84
5,23,65.48
5,24,67.04
5,25,68.53
5,26,69.95
5,27,71.31
5,28,72.6
5,29,73.84
5,30,75.02
5,31,76.15
5,32,77.23
5,33,78.26
5,34,79.24
5,35,80.18
5,36,81.08
5,37,81.93
5,38,82.75
5,39,83.53
5,40,84.27
5,41,84.98
5,42,85.66
5,43,86.31
5,44,86.93
5,45,87.52
5,46,88.08
5,47,88.62
5,48,89.14
5,49,89.63
5,50,90.09
5,51,90.54
5,52,90.97
5,53,91.38
5,54,91.77
5,55,92.14
5,56,92.49
5,57,92.83
5,58,93.16
5,59,93.47
5,60,93.76
5,61,94.04
5,62,94.31
5,63,94.57
5,64,94.82
5,65,95.05
5,66,95.27
5,67,95.49
5,68,95.69
5,69,95.89
5,70,96.07
5,71,96.25
5,72,96.42
5,73,96.58
5,74,96.74
5,75,96.88
5,76,97.02
5,77,97.16
5,78,97.29
5,79,97.41
5,80,97.53
5,81,97.64
5,82,97.74
5,83,97.85
5,84,97.94
5,85,98.04
5,86,98.13
5,87,98.21
5,88,98.29
5,89,98.37
6,1,3.25
6,2,6.39
6,3,9.43
6,4,12.38
6,5,15.22
6,6,17.98
6,7,20.64
6,8,23.22
6,9,25.71
6,10,28.13
6,11,30.46
6,12,32.72
6,13,34.91
6,14,37.02
6,15,39.07
6,16,41.05
6,17,42.96
6,18,44.81
6,19,46.61
6,20,48.34
6,21,50.02
6,22,51.64
6,23,53.21
6,24,54.73
6,25,56.21
6,26,57.63
6,27,59.0
6,28,60.34
6,29,61.63
6,30,62.87
6,31,64.08
6,32,65.24
6,33,66.37
6,34,67.47
6,35,68.52
6,36,69.55
6,37,70.54
6,38,71.49
6,39,72.42
6,40,73.31
6,41,74.18
6,42,75.02
6,43,75.83
6,44,76.62
6,45,77.38
6,46,78.11
6,47,78.82
6,48,79.51
6,49,80.18
6,50,80.82
6,51,81.44
6,52,82.05
6,53,82.63
6,54,83.19
6,55,83.74
6,56,84.27
6,57,84.78
6,58,85.27
6,59,85.75
6,60,86.21
6,61,86.66
6,62,87.1
6,63,87.52
6,64,87.92
6,65,88.31
6,66,88.69
6,67,89.06
6,68,89.42
6,69,89.76
6,70,90.09
6,71,90.41
6,72,90.73
6,73,91.03
6,74,91.32
6,75,91.6
6,76,91.87
6,77,92.14
6,78,92.39
6,79,92.64
6,80,92.88
6,81,93.11
6,82,93.33
6,83,93.55
6,84,93.76
6,85,93.96
6,86,94.16
6,87,94.35
6,88,94.53
6,89,94.71
7,1,2.45
7,2,4.83
7,3,7.16
7,4,9.43
7,5,11.65
7,6,13.81
7,7,15.92
7,8,17.97
7,9,19.98
7,10,21.94
7,11,23.85
7,12,25.71
7,13,27.53
7,14,29.3
7,15,31.03
7,16,32.72
7,17,34.36
7,18,35.97
7,19,37.54
7,20,39.06
7,21,40.56
7,22,42.01
7,23,43.43
7,24,44.81
7,25,46.16
7,26,47.48
7,27,48.76
7,28,50.02
7,29,51.24
7,30,52.43
7,31,53.6
7,32,54.73
7,33,55.84
7,34,56.92
7,35,57.97
7,36,59.0
7,37,60.0
7,38,60.98
7,39,61.94
7,40,62.87
7,41,63.78
7,42,64.66
7,43,65.53
7,44,66.37
7,45,67.19
7,46,68.0
7,47,68.78
7,48,69.54
7,49,70.29
7,50,71.01
7,51,71.72
7,52,72.42
7,53,73.09
7,54,73.75
7,55,74.39
7,56,75.02
7,57,75.63
7,58,76.22
7,59,76.81
7,60,77.37
7,61,77.93
7,62,78.47
7,63,78.99
7,64,79.51
7,65,80.01
7,66,80.5
7,67,80.98
7,68,81.44
7,69,81.89
7,70,82.34
7,71,82.77
7,72,83.19
7,73,83.6
7,74,84.0
7,75,84.39
7,76,84.78
7,77,85.15
7,78,85.51
7,79,85.87
7,80,86.21
7,81,86.55
7,82,86.88
7,83,87.2
7,84,87.51
7,85,87.82
7,86,88.12
7,87,88.41
7,88,88.69
7,89,88.97
8,1,1.91
8,2,3.78
8,3,5.62
8,4,7.42
8,5,9.18
8,6,10.91
8,7,12.61
8,8,14.28
8,9,15.92
8,10,17.52
8,11,19.09
8,12,20.64
8,13,22.15
8,14,23.64
8,15,25.09
8,16,26.52
8,17,27.93
8,18,29.3
8,19,30.65
8,20,31.97
8,21,33.27
8,22,34.54
8,23,35.79
8,24,37.02
8,25,38.22
8,26,39.4
8,27,40.55
8,28,41.69
8,29,42.8
8,30,43.89
8,31,44.96
8,32,46.01
8,33,47.04
8,34,48.05
8,35,49.04
8,36,50.02
8,37,50.97
8,38,51.9
8,39,52.82
8,40,53.72
8,41,54.61
8,42,55.47
8,43,56.32
8,44,57.15
8,45,57.97
8,46,58.77
8,47,59.56
8,48,60.33
8,49,61.09
8,50,61.83
8,51,62.56
8,52,63.27
8,53,63.97
8,54,64.66
8,55,65.34
8,56,66.0
8,57,66.65
8,58,67.28
8,59,67.91
8,60,68.52
8,61,69.12
8,62,69.71
8,63,70.29
8,64,70.85
8,65,71.41
8,66,71.95
8,67,72.49
8,68,73.01
8,69,73.53
8,70,74.03
8,71,74.53
8,72,75.02
8,73,75.49
8,74,75.96
8,75,76.42
8,76,76.87
8,77,77.31
8,78,77.74
8,79,78.17
8,80,78.58
8,81,78.99
8,82,79.39
8,83,79.79
8,84,80.17
8,85,80.55
8,86,80.92
8,87,81.29
8,88,81.64
8,89,81.99
9,1,1.53
9,2,3.04
9,3,4.52
9,4,5.98
9,5,7.42
9,6,8.83
9,7,10.23
9,8,11.6
9,9,12.95
9,10,14.28
9,11,15.59
9,12,16.88
9,13,18.15
9,14,19.41
9,15,20.64
9,16,21.85
9,17,23.05
9,18,24.22
9,19,25.38
9,20,26.52
9,21,27.65
9,22,28.75
9,23,29.84
9,24,30.92
9,25,31.97
9,26,33.01
9,27,34.04
9,28,35.05
9,29,36.04
9,30,37.02
9,31,37.98
9,32,38.93
9,33,39.86
9,34,40.78
9,35,41.69
9,36,42.58
9,37,43.46
9,38,44.32
9,39,45.17
9,40,46.01
9,41,46.84
9,42,47.65
9,43,48.45
9,44,49.24
9,45,50.02
9,46,50.78
9,47,51.53
9,48,52.27
9,49,53.0
9,50,53.72
9,51,54.43
9,52,55.13
9,53,55.81
9,54,56.49
9,55,57.15
9,56,57.81
9,57,58.45
9,58,59.09
9,59,59.72
9,60,60.33
9,61,60.94
9,62,61.54
9,63,62.12
9,64,62.7
9,65,63.27
9,66,63.83
9,67,64.39
9,68,64.93
9,69,65.47
9,70,66.0
9,71,66.52
9,72,67.03
9,73,67.53
9,74,68.03
9,75,68.52
9,76,69.0
9,77,69.47
9,78,69.94
9,79,70.4
9,80,70.85
9,81,71.3
9,82,71.74
9,83,72.17
9,84,72.6
9,85,73.01
9,86,73.43
9,87,73.83
9,88,74.23
9,89,74.63
10,1,1.25
10,2,2.49
10,3,3.71
10,4,4.92
10,5,6.11
10,6,7.29
10,7,8.45
10,8,9.59
10,9,10.73
10,10,11.85
10,11,12.95
10,12,14.04
10,13,15.12
10,14,16.18
10,15,17.23
10,16,18.27
10,17,19.29
10,18,20.3
10,19,21.3
10,20,22.29
10,21,23.26
10,22,24.22
10,23,25.17
10,24,26.11
10,25,27.03
10,26,27.95
10,27,28.85
10,28,29.74
10,29,30.62
10,30,31.49
10,31,32.35
10,32,33.2
10,33,34.03
10,34,34.86
10,35,35.68
10,36,36.48
10,37,37.28
10,38,38.06
10,39,38.84
10,40,39.61
10,41,40.36
10,42,41.11
10,43,41.85
10,44,42.58
10,45,43.3
10,46,44.01
10,47,44.71
10,48,45.4
10,49,46.09
10,50,46.76
10,51,47.43
10,52,48.09
10,53,48.74
10,54,49.38
10,55,50.01
10,56,50.64
10,57,51.26
10,58,51.87
10,59,52.47
10,60,53.07
10,61,53.65
10,62,54.24
10,63,54.81
10,64,55.37
10,65,55.93
10,66,56.49
10,67,57.03
10,68,57.57
10,69,58.1
10,70,58.63
10,71,59.14
10,72,59.66
10,73,60.16
10,74,60.66
10,75,61.15
10,76,61.64
10,77,62.12
10,78,62.6
10,79,63.06
10,80,63.53
10,81,63.98
10,82,64.44
10,83,64.88
10,84,65.32
10,85,65.76
10,86,66.18
10,87,66.61
10,88,67.03
10,89,67.44
11,1,1.05
11,2,2.08
11,3,3.1
11,4,4.12
11,5,5.12
11,6,6.11
11,7,7.09
11,8,8.06
11,9,9.02
11,10,9.97
11,11,10.91
11,12,11.84
11,13,12.77
11,14,13.68
11,15,14.58
11,16,15.47
11,17,16.36
11,18,17.23
11,19,18.1
11,20,18.95
11,21,19.8
11,22,20.64
11,23,21.47
11,24,22.29
11,25,23.1
11,26,23.9
11,27,24.7
11,28,25.48
11,29,26.26
11,30,27.03
11,31,27.8
11,32,28.55
11,33,29.3
11,34,30.04
11,35,30.77
11,36,31.49
11,37,32.21
11,38,32.92
11,39,33.62
11,40,34.31
11,41,35.0
11,42,35.68
11,43,36.35
11,44,37.01
11,45,37.67
11,46,38.32
11,47,38.97
11,48,39.61
11,49,40.24
11,50,40.86
11,51,41.48
11,52,42.09
11,53,42.7
11,54,43.3
11,55,43.89
11,56,44.47
11,57,45.05
11,58,45.63
11,59,46.2
11,60,46.76
11,61,47.32
11,62,47.87
11,63,48.41
11,64,48.95
11,65,49.48
11,66,50.01
11,67,50.53
11,68,51.05
11,69,51.56
11,70,52.07
11,71,52.57
11,72,53.07
11,73,53.56
11,74,54.04
11,75,54.52
11,76,55.0
11,77,55.47
11,78,55.93
11,79,56.39
11,80,56.85
11,81,57.3
11,82,57.75
11,83,58.19
11,84,58.62
11,85,59.06
11,86,59.49
11,87,59.91
11,88,60.33
11,89,60.74
12,1,0.89
12,2,1.76
12,3,2.63
12,4,3.49
12,5,4.35
12,6,5.19
12,7,6.03
12,8,6.86
12,9,7.69
12,10,8.51
12,11,9.32
12,12,10.12
12,13,10.91
12,14,11.7
12,15,12.48
12,16,13.26
12,17,14.03
12,18,14.79
12,19,15.54
12,20,16.29
12,21,17.03
12,22,17.76
12,23,18.49
12,24,19.21
12,25,19.93
12,26,20.64
12,27,21.34
12,28,22.03
12,29,22.73
12,30,23.41
12,31,24.09
12,32,24.76
12,33,25.42
12,34,26.08
12,35,26.74
12,36,27.39
12,37,28.03
12,38,28.67
12,39,29.3
12,40,29.92
12,41,30.54
12,42,31.16
12,43,31.77
12,44,32.37
12,45,32.97
12,46,33.56
12,47,34.15
12,48,34.73
12,49,35.31
12,50,35.88
12,51,36.45
12,52,37.01
12,53,37.57
12,54,38.12
12,55,38.67
12,56,39.21
12,57,39.75
12,58,40.29
12,59,40.81
12,60,41.34
12,61,41.86
12,62,42.37
12,63,42.88
12,64,43.39
12,65,43.89
12,66,44.38
12,67,44.88
12,68,45.37
12,69,45.85
12,70,46.33
12,71,46.8
12,72,47.27
12,73,47.74
12,74,48.2
12,75,48.66
12,76,49.12
12,77,49.57
12,78,50.01
12,79,50.45
12,80,50.89
12,81,51.33
12,82,51.76
12,83,52.19
12,84,52.61
12,85,53.03
12,86,53.44
12,87,53.86
12,88,54.26
12,89,54.67
13,1,0.76
13,2,1.51
13,3,2.26
13,4,3.0
13,5,3.74
13,6,4.47
13,7,5.19
13,8,5.91
13,9,6.63
13,10,7.34
13,11,8.04
13,12,8.74
13,13,9.43
13,14,10.12
13,15,10.8
13,16,11.48
13,17,12.15
13,18,12.82
13,19,13.48
13,20,14.13
13,21,14.79
13,22,15.43
13,23,16.07
13,24,16.71
13,25,17.34
13,26,17.97
13,27,18.59
13,28,19.21
13,29,19.82
13,30,20.43
13,31,21.04
13,32,21.64
13,33,22.23
13,34,22.82
13,35,23.41
13,36,23.99
13,37,24.57
13,38,25.14
13,39,25.71
13,40,26.27
13,41,26.83
13,42,27.39
13,43,27.94
13,44,28.48
13,45,29.03
13,46,29.57
13,47,30.1
13,48,30.63
13,49,31.16
13,50,31.68
13,51,32.2
13,52,32.71
13,53,33.22
13,54,33.73
13,55,34.23
13,56,34.73
13,57,35.23
13,58,35.72
13,59,36.21
13,60,36.69
13,61,37.17
13,62,37.65
13,63,38.12
13,64,38.59
13,65,39.06
13,66,39.52
13,67,39.98
13,68,40.43
13,69,40.89
13,70,41.34
13,71,41.78
13,72,42.22
13,73,42.66
13,74,43.1
13,75,43.53
13,76,43.96
13,77,44.38
13,78,44.8
13,79,45.22
13,80,45.64
13,81,46.05
13,82,46.46
13,83,46.87
13,84,47.27
13,85,47.67
13,86,48.07
13,87,48.46
13,88,48.85
13,89,49.24
14,1,0.66
14,2,1.31
14,3,1.96
14,4,2.61
14,5,3.25
14,6,3.88
14,7,4.52
14,8,5.15
14,9,5.77
14,10,6.39
14,11,7.01
14,12,7.62
14,13,8.23
14,14,8.83
14,15,9.43
14,16,10.03
14,17,10.62
14,18,11.21
14,19,11.79
14,20,12.37
14,21,12.95
14,22,13.52
14,23,14.09
14,24,14.66
14,25,15.22
14,26,15.78
14,27,16.33
14,28,16.88
14,29,17.43
14,30,17.97
14,31,18.51
14,32,19.05
14,33,19.58
14,34,20.11
14,35,20.64
14,36,21.16
14,37,21.68
14,38,22.19
14,39,22.7
14,40,23.21
14,41,23.72
14,42,24.22
14,43,24.72
14,44,25.22
14,45,25.71
14,46,26.2
14,47,26.68
14,48,27.16
14,49,27.64
14,50,28.12
14,51,28.59
14,52,29.06
14,53,29.53
14,54,29.99
14,55,30.45
14,56,30.91
14,57,31.37
14,58,31.82
14,59,32.27
14,60,32.71
14,61,33.16
14,62,33.6
14,63,34.03
14,64,34.47
14,65,34.9
14,66,35.33
14,67,35.75
14,68,36.18
14,69,36.6
14,70,37.01
14,71,37.43
14,72,37.84
14,73,38.25
14,74,38.66
14,75,39.06
14,76,39.46
14,77,39.86
14,78,40.25
14,79,40.65
14,80,41.04
14,81,41.43
14,82,41.81
14,83,42.19
14,84,42.58
14,85,42.95
14,86,43.33
14,87,43.7
14,88,44.07
14,89,44.44
15,1,0.58
15,2,1.15
15,3,1.72
15,4,2.28
15,5,2.85
15,6,3.41
15,7,3.96
15,8,4.52
15,9,5.07
15,10,5.61
15,11,6.16
15,12,6.7
15,13,7.24
15,14,7.77
15,15,8.3
15,16,8.83
15,17,9.36
15,18,9.88
15,19,10.4
15,20,10.91
15,21,11.43
15,22,11.94
15,23,12.44
15,24,12.95
15,25,13.45
15,26,13.95
15,27,14.45
15,28,14.94
15,29,15.43
15,30,15.92
15,31,16.4
15,32,16.88
15,33,17.36
15,34,17.84
15,35,18.31
15,36,18.78
15,37,19.25
15,38,19.71
15,39,20.18
15,40,20.64
15,41,21.09
15,42,21.55
15,43,22.0
15,44,22.45
15,45,22.9
15,46,23.34
15,47,23.78
15,48,24.22
15,49,24.66
15,50,25.09
15,51,25.52
15,52,25.95
15,53,26.38
15,54,26.8
15,55,27.23
15,56,27.65
15,57,28.06
15,58,28.48
15,59,28.89
15,60,29.3
15,61,29.71
15,62,30.11
15,63,30.51
15,64,30.91
15,65,31.31
15,66,31.71
15,67,32.1
15,68,32.49
15,69,32.88
15,70,33.27
15,71,33.65
15,72,34.03
15,73,34.41
15,74,34.79
15,75,35.17
15,76,35.54
15,77,35.91
15,78,36.28
15,79,36.65
15,80,37.01
15,81,37.38
15,82,37.74
15,83,38.1
15,84,38.45
15,85,38.81
15,86,39.16
15,87,39.51
15,88,39.86
15,89,40.21
16,1,0.51
16,2,1.01
16,3,1.52
16,4,2.02
16,5,2.52
16,6,3.01
16,7,3.51
16,8,4.0
16,9,4.49
16,10,4.97
16,11,5.45
16,12,5.93
16,13,6.41
16,14,6.89
16,15,7.36
16,16,7.83
16,17,8.3
16,18,8.77
16,19,9.23
16,20,9.69
16,21,10.15
16,22,10.61
16,23,11.07
16,24,11.52
16,25,11.97
16,26,12.42
16,27,12.86
16,28,13.3
16,29,13.74
16,30,14.18
16,31,14.62
16,32,15.05
16,33,15.49
16,34,15.92
16,35,16.34
16,36,16.77
16,37,17.19
16,38,17.61
16,39,18.03
16,40,18.45
16,41,18.86
16,42,19.28
16,43,19.69
16,44,20.1
16,45,20.5
16,46,20.91
16,47,21.31
16,48,21.71
16,49,22.11
16,50,22.5
16,51,22.9
16,52,23.29
16,53,23.68
16,54,24.07
16,55,24.45
16,56,24.84
16,57,25.22
16,58,25.6
16,59,25.98
16,60,26.36
16,61,26.73
16,62,27.1
16,63,27.47
16,64,27.84
16,65,28.21
16,66,28.57
16,67,28.94
16,68,29.3
16,69,29.66
16,70,30.02
16,71,30.37
16,72,30.73
16,73,31.08
16,74,31.43
16,75,31.78
16,76,32.12
16,77,32.47
16,78,32.81
16,79,33.15
16,80,33.49
16,81,33.83
16,82,34.17
16,83,34.5
16,84,34.84
16,85,35.17
16,86,35.5
16,87,35.83
16,88,36.15
16,89,36.48
17,1,0.45
17,2,0.9
17,3,1.35
17,4,1.8
17,5,2.24
17,6,2.68
17,7,3.12
17,8,3.56
17,9,4.0
17,10,4.43
17,11,4.86
17,12,5.29
17,13,5.72
17,14,6.15
17,15,6.57
17,16,6.99
17,17,7.42
17,18,7.83
17,19,8.25
17,20,8.67
17,21,9.08
17,22,9.49
17,23,9.9
17,24,10.31
17,25,10.71
17,26,11.12
17,27,11.52
17,28,11.92
17,29,12.32
17,30,12.71
17,31,13.11
17,32,13.5
17,33,13.89
17,34,14.28
17,35,14.67
17,36,15.05
17,37,15.44
17,38,15.82
17,39,16.2
17,40,16.58
17,41,16.96
17,42,17.33
17,43,17.71
17,44,18.08
17,45,18.45
17,46,18.82
17,47,19.19
17,48,19.55
17,49,19.91
17,50,20.28
17,51,20.64
17,52,21.0
17,53,21.35
17,54,21.71
17,55,22.06
17,56,22.42
17,57,22.77
17,58,23.12
17,59,23.46
17,60,23.81
17,61,24.15
17,62,24.5
17,63,24.84
17,64,25.18
17,65,25.52
17,66,25.85
17,67,26.19
17,68,26.52
17,69,26.85
17,70,27.19
17,71,27.51
17,72,27.84
17,73,28.17
17,74,28.49
17,75,28.82
17,76,29.14
17,77,29.46
17,78,29.78
17,79,30.1
17,80,30.41
17,81,30.73
17,82,31.04
17,83,31.35
17,84,31.66
17,85,31.97
17,86,32.28
17,87,32.59
17,88,32.89
17,89,33.19
18,1,0.4
18,2,0.81
18,3,1.21
18,4,1.61
18,5,2.01
18,6,2.4
18,7,2.8
18,8,3.19
18,9,3.58
18,10,3.97
18,11,4.36
18,12,4.75
18,13,5.13
18,14,5.52
18,15,5.9
18,16,6.28
18,17,6.66
18,18,7.04
18,19,7.41
18,20,7.79
18,21,8.16
18,22,8.53
18,23,8.9
18,24,9.27
18,25,9.64
18,26,10.01
18,27,10.37
18,28,10.73
18,29,11.09
18,30,11.45
18,31,11.81
18,32,12.17
18,33,12.52
18,34,12.88
18,35,13.23
18,36,13.58
18,37,13.93
18,38,14.28
18,39,14.63
18,40,14.97
18,41,15.32
18,42,15.66
18,43,16.0
18,44,16.34
18,45,16.68
18,46,17.02
18,47,17.35
18,48,17.69
18,49,18.02
18,50,18.35
18,51,18.68
18,52,19.01
18,53,19.34
18,54,19.66
18,55,19.99
18,56,20.31
18,57,20.64
18,58,20.96
18,59,21.28
18,60,21.59
18,61,21.91
18,62,22.23
18,63,22.54
18,64,22.86
18,65,23.17
18,66,23.48
18,67,23.79
18,68,24.1
18,69,24.4
18,70,24.71
18,71,25.02
18,72,25.32
18,73,25.62
18,74,25.92
18,75,26.22
18,76,26.52
18,77,26.82
18,78,27.11
18,79,27.41
18,80,27.7
18,81,27.99
18,82,28.29
18,83,28.58
18,84,28.87
18,85,29.15
18,86,29.44
18,87,29.73
18,88,30.01
18,89,30.29
19,1,0.36
19,2,0.73
19,3,1.09
19,4,1.45
19,5,1.81
19,6,2.17
19,7,2.52
19,8,2.88
19,9,3.23
19,10,3.58
19,11,3.93
19,12,4.28
19,13,4.63
19,14,4.98
19,15,5.33
19,16,5.67
19,17,6.02
19,18,6.36
19,19,6.7
19,20,7.04
19,21,7.38
19,22,7.71
19,23,8.05
19,24,8.39
19,25,8.72
19,26,9.05
19,27,9.38
19,28,9.71
19,29,10.04
19,30,10.37
19,31,10.7
19,32,11.02
19,33,11.35
19,34,11.67
19,35,11.99
19,36,12.31
19,37,12.63
19,38,12.95
19,39,13.27
19,40,13.58
19,41,13.9
19,42,14.21
19,43,14.52
19,44,14.83
19,45,15.14
19,46,15.45
19,47,15.76
19,48,16.07
19,49,16.37
19,50,16.68
19,51,16.98
19,52,17.29
19,53,17.59
19,54,17.89
19,55,18.19
19,56,18.48
19,57,18.78
19,58,19.08
19,59,19.37
19,60,19.67
19,61,19.96
19,62,20.25
19,63,20.54
19,64,20.83
19,65,21.12
19,66,21.4
19,67,21.69
19,68,21.98
19,69,22.26
19,70,22.54
19,71,22.83
19,72,23.11
19,73,23.39
19,74,23.67
19,75,23.94
19,76,24.22
19,77,24.5
19,78,24.77
19,79,25.05
19,80,25.32
19,81,25.59
19,82,25.86
19,83,26.13
19,84,26.4
19,85,26.67
19,86,26.94
19,87,27.2
19,88,27.47
19,89,27.73
20,1,0.33
20,2,0.66
20,3,0.99
20,4,1.31
20,5,1.64
20,6,1.96
20,7,2.28
20,8,2.61
20,9,2.93
20,10,3.25
20,11,3.57
20,12,3.88
20,13,4.2
20,14,4.52
20,15,4.83
20,16,5.15
20,17,5.46
20,18,5.77
20,19,6.08
20,20,6.39
20,21,6.7
20,22,7.01
20,23,7.31
20,24,7.62
20,25,7.92
20,26,8.23
20,27,8.53
20,28,8.83
20,29,9.13
20,30,9.43
20,31,9.73
20,32,10.03
20,33,10.32
20,34,10.62
20,35,10.91
20,36,11.21
20,37,11.5
20,38,11.79
20,39,12.08
20,40,12.37
20,41,12.66
20,42,12.95
20,43,13.24
20,44,13.52
20,45,13.81
20,46,14.09
20,47,14.37
20,48,14.66
20,49,14.94
20,50,15.22
20,51,15.5
20,52,15.78
20,53,16.05
20,54,16.33
20,55,16.61
20,56,16.88
20,57,17.16
20,58,17.43
20,59,17.7
20,60,17.97
20,61,18.24
20,62,18.51
20,63,18.78
20,64,19.05
20,65,19.31
20,66,19.58
20,67,19.85
20,68,20.11
20,69,20.37
20,70,20.64
20,71,20.9
20,72,21.16
20,73,21.42
20,74,21.68
20,75,21.94
20,76,22.19
20,77,22.45
20,78,22.7
20,79,22.96
20,80,23.21
20,81,23.47
20,82,23.72
20,83,23.97
20,84,24.22
20,85,24.47
20,86,24.72
20,87,24.97
20,88,25.22
20,89,25.46
21,1,0.3
21,2,0.6
21,3,0.9
21,4,1.19
21,5,1.49
21,6,1.79
21,7,2.08
21,8,2.37
21,9,2.67
21,10,2.96
21,11,3.25
21,12,3.54
21,13,3.83
21,14,4.12
21,15,4.4
21,16,4.69
21,17,4.98
21,18,5.26
21,19,5.54
21,20,5.83
21,21,6.11
21,22,6.39
21,23,6.67
21,24,6.95
21,25,7.23
21,26,7.51
21,27,7.79
21,28,8.06
21,29,8.34
21,30,8.61
21,31,8.89
21,32,9.16
21,33,9.43
21,34,9.7
21,35,9.97
21,36,10.24
21,37,10.51
21,38,10.78
21,39,11.05
21,40,11.31
21,41,11.58
21,42,11.85
21,43,12.11
21,44,12.37
21,45,12.64
21,46,12.9
21,47,13.16
21,48,13.42
21,49,13.68
21,50,13.94
21,51,14.2
21,52,14.45
21,53,14.71
21,54,14.96
21,55,15.22
21,56,15.47
21,57,15.73
21,58,15.98
21,59,16.23
21,60,16.48
21,61,16.73
21,62,16.98
21,63,17.23
21,64,17.48
21,65,17.73
21,66,17.97
21,67,18.22
21,68,18.46
21,69,18.71
21,70,18.95
21,71,19.2
21,72,19.44
21,73,19.68
21,74,19.92
21,75,20.16
21,76,20.4
21,77,20.64
21,78,20.88
21,79,21.11
21,80,21.35
21,81,21.59
21,82,21.82
21,83,22.05
21,84,22.29
21,85,22.52
21,86,22.75
21,87,22.98
21,88,23.22
21,89,23.45
22,1,0.27
22,2,0.55
22,3,0.82
22,4,1.09
22,5,1.36
22,6,1.63
22,7,1.9
22,8,2.17
22,9,2.44
22,10,2.7
22,11,2.97
22,12,3.23
22,13,3.5
22,14,3.76
22,15,4.03
22,16,4.29
22,17,4.55
22,18,4.81
22,19,5.07
22,20,5.33
22,21,5.59
22,22,5.85
22,23,6.11
22,24,6.36
22,25,6.62
22,26,6.88
22,27,7.13
22,28,7.39
22,29,7.64
22,30,7.89
22,31,8.14
22,32,8.4
22,33,8.65
22,34,8.9
22,35,9.15
22,36,9.39
22,37,9.64
22,38,9.89
22,39,10.14
22,40,10.38
22,41,10.63
22,42,10.87
22,43,11.12
22,44,11.36
22,45,11.6
22,46,11.84
22,47,12.08
22,48,12.32
22,49,12.56
22,50,12.8
22,51,13.04
22,52,13.28
22,53,13.52
22,54,13.75
22,55,13.99
22,56,14.23
22,57,14.46
22,58,14.69
22,59,14.93
22,60,15.16
22,61,15.39
22,62,15.62
22,63,15.86
22,64,16.09
22,65,16.32
22,66,16.54
22,67,16.77
22,68,17.0
22,69,17.23
22,70,17.45
22,71,17.68
22,72,17.91
22,73,18.13
22,74,18.35
22,75,18.58
22,76,18.8
22,77,19.02
22,78,19.24
22,79,19.47
22,80,19.69
22,81,19.91
22,82,20.12
22,83,20.34
22,84,20.56
22,85,20.78
22,86,21.0
22,87,21.21
22,88,21.43
22,89,21.64
23,1,0.25
23,2,0.5
23,3,0.75
23,4,1.0
23,5,1.25
23,6,1.5
23,7,1.74
23,8,1.99
23,9,2.24
23,10,2.48
23,11,2.73
23,12,2.97
23,13,3.21
23,14,3.46
23,15,3.7
23,16,3.94
23,17,4.18
23,18,4.42
23,19,4.66
23,20,4.9
23,21,5.14
23,22,5.38
23,23,5.61
23,24,5.85
23,25,6.09
23,26,6.32
23,27,6.56
23,28,6.79
23,29,7.03
23,30,7.26
23,31,7.49
23,32,7.72
23,33,7.95
23,34,8.19
23,35,8.42
23,36,8.65
23,37,8.87
23,38,9.1
23,39,9.33
23,40,9.56
23,41,9.79
23,42,10.01
23,43,10.24
23,44,10.46
23,45,10.69
23,46,10.91
23,47,11.13
23,48,11.36
23,49,11.58
23,50,11.8
23,51,12.02
23,52,12.24
23,53,12.46
23,54,12.68
23,55,12.9
23,56,13.12
23,57,13.34
23,58,13.56
23,59,13.77
23,60,13.99
23,61,14.21
23,62,14.42
23,63,14.64
23,64,14.85
23,65,15.06
23,66,15.28
23,67,15.49
23,68,15.7
23,69,15.91
23,70,16.12
23,71,16.33
23,72,16.54
23,73,16.75
23,74,16.96
23,75,17.17
23,76,17.38
23,77,17.58
23,78,17.79
23,79,18.0
23,80,18.2
23,81,18.41
23,82,18.61
23,83,18.82
23,84,19.02
23,85,19.22
23,86,19.43
23,87,19.63
23,88,19.83
23,89,20.03
24,1,0.23
24,2,0.46
24,3,0.69
24,4,0.92
24,5,1.15
24,6,1.38
24,7,1.61
24,8,1.83
24,9,2.06
24,10,2.29
24,11,2.51
24,12,2.74
24,13,2.96
24,14,3.18
24,15,3.41
24,16,3.63
24,17,3.85
24,18,4.08
24,19,4.3
24,20,4.52
24,21,4.74
24,22,4.96
24,23,5.18
24,24,5.4
24,25,5.62
24,26,5.83
24,27,6.05
24,28,6.27
24,29,6.48
24,30,6.7
24,31,6.92
24,32,7.13
24,33,7.34
24,34,7.56
24,35,7.77
24,36,7.98
24,37,8.2
24,38,8.41
24,39,8.62
24,40,8.83
24,41,9.04
24,42,9.25
24,43,9.46
24,44,9.67
24,45,9.88
24,46,10.09
24,47,10.29
24,48,10.5
24,49,10.71
24,50,10.91
24,51,11.12
24,52,11.33
24,53,11.53
24,54,11.73
24,55,11.94
24,56,12.14
24,57,12.34
24,58,12.55
24,59,12.75
24,60,12.95
24,61,13.15
24,62,13.35
24,63,13.55
24,64,13.75
24,65,13.95
24,66,14.15
24,67,14.35
24,68,14.55
24,69,14.74
24,70,14.94
24,71,15.14
24,72,15.33
24,73,15.53
24,74,15.72
24,75,15.92
24,76,16.11
24,77,16.3
24,78,16.5
24,79,16.69
24,80,16.88
24,81,17.07
24,82,17.27
24,83,17.46
24,84,17.65
24,85,17.84
24,86,18.03
24,87,18.22
24,88,18.41
24,89,18.59
25,1,0.21
25,2,0.43
25,3,0.64
25,4,0.85
25,5,1.06
25,6,1.27
25,7,1.48
25,8,1.69
25,9,1.9
25,10,2.11
25,11,2.32
25,12,2.53
25,13,2.74
25,14,2.94
25,15,3.15
25,16,3.36
25,17,3.56
25,18,3.77
25,19,3.97
25,20,4.18
25,21,4.38
25,22,4.59
25,23,4.79
25,24,4.99
25,25,5.19
25,26,5.4
25,27,5.6
25,28,5.8
25,29,6.0
25,30,6.2
25,31,6.4
25,32,6.6
25,33,6.8
25,34,7.0
25,35,7.2
25,36,7.39
25,37,7.59
25,38,7.79
25,39,7.98
25,40,8.18
25,41,8.38
25,42,8.57
25,43,8.77
25,44,8.96
25,45,9.16
25,46,9.35
25,47,9.54
25,48,9.74
25,49,9.93
25,50,10.12
25,51,10.31
25,52,10.5
25,53,10.69
25,54,10.88
25,55,11.07
25,56,11.26
25,57,11.45
25,58,11.64
25,59,11.83
25,60,12.02
25,61,12.2
25,62,12.39
25,63,12.58
25,64,12.76
25,65,12.95
25,66,13.14
25,67,13.32
25,68,13.51
25,69,13.69
25,70,13.87
25,71,14.06
25,72,14.24
25,73,14.42
25,74,14.61
25,75,14.79
25,76,14.97
25,77,15.15
25,78,15.33
25,79,15.51
25,80,15.69
25,81,15.87
25,82,16.05
25,83,16.23
25,84,16.41
25,85,16.59
25,86,16.77
25,87,16.94
25,88,17.12
25,89,17.3
26,1,0.2
26,2,0.39
26,3,0.59
26,4,0.79
26,5,0.98
26,6,1.18
26,7,1.37
26,8,1.57
26,9,1.76
26,10,1.96
26,11,2.15
26,12,2.34
26,13,2.54
26,14,2.73
26,15,2.92
26,16,3.11
26,17,3.3
26,18,3.49
26,19,3.68
26,20,3.87
26,21,4.06
26,22,4.25
26,23,4.44
26,24,4.63
26,25,4.82
26,26,5.01
26,27,5.19
26,28,5.38
26,29,5.57
26,30,5.75
26,31,5.94
26,32,6.13
26,33,6.31
26,34,6.5
26,35,6.68
26,36,6.87
26,37,7.05
26,38,7.23
26,39,7.42
26,40,7.6
26,41,7.78
26,42,7.96
26,43,8.14
26,44,8.33
26,45,8.51
26,46,8.69
26,47,8.87
26,48,9.05
26,49,9.23
26,50,9.41
26,51,9.58
26,52,9.76
26,53,9.94
26,54,10.12
26,55,10.3
26,56,10.47
26,57,10.65
26,58,10.83
26,59,11.0
26,60,11.18
26,61,11.35
26,62,11.53
26,63,11.7
26,64,11.88
26,65,12.05
26,66,12.22
26,67,12.4
26,68,12.57
26,69,12.74
26,70,12.92
26,71,13.09
26,72,13.26
26,73,13.43
26,74,13.6
26,75,13.77
26,76,13.94
26,77,14.11
26,78,14.28
26,79,14.45
26,80,14.62
26,81,14.79
26,82,14.96
26,83,15.12
26,84,15.29
26,85,15.46
26,86,15.63
26,87,15.79
26,88,15.96
26,89,16.12
27,1,0.18
27,2,0.37
27,3,0.55
27,4,0.73
27,5,0.91
27,6,1.09
27,7,1.28
27,8,1.46
27,9,1.64
27,10,1.82
27,11,2.0
27,12,2.18
27,13,2.36
27,14,2.53
27,15,2.71
27,16,2.89
27,17,3.07
27,18,3.25
27,19,3.42
27,20,3.6
27,21,3.78
27,22,3.95
27,23,4.13
27,24,4.31
27,25,4.48
27,26,4.66
27,27,4.83
27,28,5.01
27,29,5.18
27,30,5.35
27,31,5.53
27,32,5.7
27,33,5.87
27,34,6.05
27,35,6.22
27,36,6.39
27,37,6.56
27,38,6.73
27,39,6.9
27,40,7.07
27,41,7.24
27,42,7.41
27,43,7.58
27,44,7.75
27,45,7.92
27,46,8.09
27,47,8.26
27,48,8.43
27,49,8.59
27,50,8.76
27,51,8.93
27,52,9.1
27,53,9.26
27,54,9.43
27,55,9.59
27,56,9.76
27,57,9.93
27,58,10.09
27,59,10.26
27,60,10.42
27,61,10.58
27,62,10.75
27,63,10.91
27,64,11.07
27,65,11.24
27,66,11.4
27,67,11.56
27,68,11.72
27,69,11.89
27,70,12.05
27,71,12.21
27,72,12.37
27,73,12.53
27,74,12.69
27,75,12.85
27,76,13.01
27,77,13.17
27,78,13.33
27,79,13.49
27,80,13.65
27,81,13.8
27,82,13.96
27,83,14.12
27,84,14.28
27,85,14.43
27,86,14.59
27,87,14.75
27,88,14.9
27,89,15.06
28,1,0.17
28,2,0.34
28,3,0.51
28,4,0.68
28,5,0.85
28,6,1.02
28,7,1.19
28,8,1.36
28,9,1.53
28,10,1.69
28,11,1.86
28,12,2.03
28,13,2.2
28,14,2.36
28,15,2.53
28,16,2.7
28,17,2.86
28,18,3.03
28,19,3.19
28,20,3.36
28,21,3.52
28,22,3.69
28,23,3.85
28,24,4.02
28,25,4.18
28,26,4.34
28,27,4.51
28,28,4.67
28,29,4.83
28,30,4.99
28,31,5.16
28,32,5.32
28,33,5.48
28,34,5.64
28,35,5.8
28,36,5.96
28,37,6.12
28,38,6.28
28,39,6.44
28,40,6.6
28,41,6.76
28,42,6.92
28,43,7.08
28,44,7.24
28,45,7.4
28,46,7.56
28,47,7.71
28,48,7.87
28,49,8.03
28,50,8.19
28,51,8.34
28,52,8.5
28,53,8.65
28,54,8.81
28,55,8.97
28,56,9.12
28,57,9.28
28,58,9.43
28,59,9.59
28,60,9.74
28,61,9.89
28,62,10.05
28,63,10.2
28,64,10.35
28,65,10.51
28,66,10.66
28,67,10.81
28,68,10.97
28,69,11.12
28,70,11.27
28,71,11.42
28,72,11.57
28,73,11.72
28,74,11.87
28,75,12.02
28,76,12.17
28,77,12.32
28,78,12.47
28,79,12.62
28,80,12.77
28,81,12.92
28,82,13.07
28,83,13.22
28,84,13.37
28,85,13.51
28,86,13.66
28,87,13.81
28,88,13.96
28,89,14.1
29,1,0.16
29,2,0.32
29,3,0.48
29,4,0.64
29,5,0.79
29,6,0.95
29,7,1.11
29,8,1.27
29,9,1.42
29,10,1.58
29,11,1.74
29,12,1.89
29,13,2.05
29,14,2.21
29,15,2.36
29,16,2.52
29,17,2.67
29,18,2.83
29,19,2.98
29,20,3.14
29,21,3.29
29,22,3.45
29,23,3.6
29,24,3.75
29,25,3.91
29,26,4.06
29,27,4.21
29,28,4.36
29,29,4.52
29,30,4.67
29,31,4.82
29,32,4.97
29,33,5.12
29,34,5.27
29,35,5.43
29,36,5.58
29,37,5.73
29,38,5.88
29,39,6.03
29,40,6.18
29,41,6.33
29,42,6.47
29,43,6.62
29,44,6.77
29,45,6.92
29,46,7.07
29,47,7.22
29,48,7.36
29,49,7.51
29,50,7.66
29,51,7.81
29,52,7.95
29,53,8.1
29,54,8.25
29,55,8.39
29,56,8.54
29,57,8.68
29,58,8.83
29,59,8.97
29,60,9.12
29,61,9.26
29,62,9.41
29,63,9.55
29,64,9.7
29,65,9.84
29,66,9.98
29,67,10.13
29,68,10.27
29,69,10.41
29,70,10.56
29,71,10.7
29,72,10.84
29,73,10.98
29,74,11.12
29,75,11.27
29,76,11.41
29,77,11.55
29,78,11.69
29,79,11.83
29,80,11.97
29,81,12.11
29,82,12.25
29,83,12.39
29,84,12.53
29,85,12.67
29,86,12.81
29,87,12.95
29,88,13.09
29,89,13.22
30,1,0.15
30,2,0.3
30,3,0.45
30,4,0.59
30,5,0.74
30,6,0.89
30,7,1.04
30,8,1.19
30,9,1.33
30,10,1.48
30,11,1.63
30,12,1.77
30,13,1.92
30,14,2.07
30,15,2.21
30,16,2.36
30,17,2.5
30,18,2.65
30,19,2.79
30,20,2.94
30,21,3.08
30,22,3.23
30,23,3.37
30,24,3.52
30,25,3.66
30,26,3.8
30,27,3.95
30,28,4.09
30,29,4.23
30,30,4.38
30,31,4.52
30,32,4.66
30,33,4.8
30,34,4.94
30,35,5.09
30,36,5.23
30,37,5.37
30,38,5.51
30,39,5.65
30,40,5.79
30,41,5.93
30,42,6.07
30,43,6.21
30,44,6.35
30,45,6.49
30,46,6.63
30,47,6.77
30,48,6.91
30,49,7.05
30,50,7.18
30,51,7.32
30,52,7.46
30,53,7.6
30,54,7.74
30,55,7.87
30,56,8.01
30,57,8.15
30,58,8.29
30,59,8.42
30,60,8.56
30,61,8.69
30,62,8.83
30,63,8.97
30,64,9.1
30,65,9.24
30,66,9.37
30,67,9.51
30,68,9.64
30,69,9.78
30,70,9.91
30,71,10.05
30,72,10.18
30,73,10.31
30,74,10.45
30,75,10.58
30,76,10.71
30,77,10.85
30,78,10.98
30,79,11.11
30,80,11.25
30,81,11.38
30,82,11.51
30,83,11.64
30,84,11.77
30,85,11.9
30,86,12.04
30,87,12.17
30,88,12.3
30,89,12.43
31,1,0.14
31,2,0.28
31,3,0.42
31,4,0.56
31,5,0.7
31,6,0.83
31,7,0.97
31,8,1.11
31,9,1.25
31,10,1.39
31,11,1.53
31,12,1.66
31,13,1.8
31,14,1.94
31,15,2.07
31,16,2.21
31,17,2.35
31,18,2.48
31,19,2.62
31,20,2.76
31,21,2.89
31,22,3.03
31,23,3.16
31,24,3.3
31,25,3.43
31,26,3.57
31,27,3.7
31,28,3.84
31,29,3.97
31,30,4.11
31,31,4.24
31,32,4.37
31,33,4.51
31,34,4.64
31,35,4.77
31,36,4.91
31,37,5.04
31,38,5.17
31,39,5.3
31,40,5.44
31,41,5.57
31,42,5.7
31,43,5.83
31,44,5.96
31,45,6.09
31,46,6.23
31,47,6.36
31,48,6.49
31,49,6.62
31,50,6.75
31,51,6.88
31,52,7.01
31,53,7.14
31,54,7.27
31,55,7.4
31,56,7.53
31,57,7.66
31,58,7.79
31,59,7.91
31,60,8.04
31,61,8.17
31,62,8.3
31,63,8.43
31,64,8.56
31,65,8.68
31,66,8.81
31,67,8.94
31,68,9.07
31,69,9.19
31,70,9.32
31,71,9.45
31,72,9.57
31,73,9.7
31,74,9.82
31,75,9.95
31,76,10.08
31,77,10.2
31,78,10.33
31,79,10.45
31,80,10.58
31,81,10.7
31,82,10.83
31,83,10.95
31,84,11.08
31,85,11.2
31,86,11.32
31,87,11.45
31,88,11.57
31,89,11.7
32,1,0.13
32,2,0.26
32,3,0.39
32,4,0.52
32,5,0.65
32,6,0.78
32,7,0.92
32,8,1.05
32,9,1.18
32,10,1.3
32,11,1.43
32,12,1.56
32,13,1.69
32,14,1.82
32,15,1.95
32,16,2.08
32,17,2.21
32,18,2.34
32,19,2.46
32,20,2.59
32,21,2.72
32,22,2.85
32,23,2.98
32,24,3.1
32,25,3.23
32,26,3.36
32,27,3.48
32,28,3.61
32,29,3.74
32,30,3.86
32,31,3.99
32,32,4.12
32,33,4.24
32,34,4.37
32,35,4.49
32,36,4.62
32,37,4.74
32,38,4.87
32,39,4.99
32,40,5.12
32,41,5.24
32,42,5.37
32,43,5.49
32,44,5.62
32,45,5.74
32,46,5.86
32,47,5.99
32,48,6.11
32,49,6.23
32,50,6.36
32,51,6.48
32,52,6.6
32,53,6.72
32,54,6.85
32,55,6.97
32,56,7.09
32,57,7.21
32,58,7.34
32,59,7.46
32,60,7.58
32,61,7.7
32,62,7.82
32,63,7.94
32,64,8.06
32,65,8.18
32,66,8.3
32,67,8.42
32,68,8.54
32,69,8.66
32,70,8.78
32,71,8.9
32,72,9.02
32,73,9.14
32,74,9.26
32,75,9.38
32,76,9.5
32,77,9.62
32,78,9.74
32,79,9.86
32,80,9.97
32,81,10.09
32,82,10.21
32,83,10.33
32,84,10.45
32,85,10.56
32,86,10.68
32,87,10.8
32,88,10.92
32,89,11.03
33,1,0.12
33,2,0.25
33,3,0.37
33,4,0.49
33,5,0.62
33,6,0.74
33,7,0.86
33,8,0.98
33,9,1.11
33,10,1.23
33,11,1.35
33,12,1.47
33,13,1.59
33,14,1.72
33,15,1.84
33,16,1.96
33,17,2.08
33,18,2.2
33,19,2.32
33,20,2.44
33,21,2.56
33,22,2.68
33,23,2.8
33,24,2.92
33,25,3.04
33,26,3.16
33,27,3.28
33,28,3.4
33,29,3.52
33,30,3.64
33,31,3.76
33,32,3.88
33,33,4.0
33,34,4.12
33,35,4.23
33,36,4.35
33,37,4.47
33,38,4.59
33,39,4.71
33,40,4.83
33,41,4.94
33,42,5.06
33,43,5.18
33,44,5.29
33,45,5.41
33,46,5.53
33,47,5.65
33,48,5.76
33,49,5.88
33,50,5.99
33,51,6.11
33,52,6.23
33,53,6.34
33,54,6.46
33,55,6.57
33,56,6.69
33,57,6.8
33,58,6.92
33,59,7.03
33,60,7.15
33,61,7.26
33,62,7.38
33,63,7.49
33,64,7.61
33,65,7.72
33,66,7.84
33,67,7.95
33,68,8.06
33,69,8.18
33,70,8.29
33,71,8.4
33,72,8.52
33,73,8.63
33,74,8.74
33,75,8.86
33,76,8.97
33,77,9.08
33,78,9.19
33,79,9.31
33,80,9.42
33,81,9.53
33,82,9.64
33,83,9.75
33,84,9.86
33,85,9.98
33,86,10.09
33,87,10.2
33,88,10.31
33,89,10.42
34,1,0.12
34,2,0.23
34,3,0.35
34,4,0.46
34,5,0.58
34,6,0.7
34,7,0.81
34,8,0.93
34,9,1.04
34,10,1.16
34,11,1.27
34,12,1.39
34,13,1.5
34,14,1.62
34,15,1.73
34,16,1.85
34,17,1.96
34,18,2.08
34,19,2.19
34,20,2.3
34,21,2.42
34,22,2.53
34,23,2.64
34,24,2.76
34,25,2.87
34,26,2.98
34,27,3.1
34,28,3.21
34,29,3.32
34,30,3.43
34,31,3.55
34,32,3.66
34,33,3.77
34,34,3.88
34,35,4.0
34,36,4.11
34,37,4.22
34,38,4.33
34,39,4.44
34,40,4.55
34,41,4.66
34,42,4.78
34,43,4.89
34,44,5.0
34,45,5.11
34,46,5.22
34,47,5.33
34,48,5.44
34,49,5.55
34,50,5.66
34,51,5.77
34,52,5.88
34,53,5.99
34,54,6.1
34,55,6.21
34,56,6.32
34,57,6.43
34,58,6.53
34,59,6.64
34,60,6.75
34,61,6.86
34,62,6.97
34,63,7.08
34,64,7.19
34,65,7.29
34,66,7.4
34,67,7.51
34,68,7.62
34,69,7.72
34,70,7.83
34,71,7.94
34,72,8.05
34,73,8.15
34,74,8.26
34,75,8.37
34,76,8.47
34,77,8.58
34,78,8.69
34,79,8.79
34,80,8.9
34,81,9.01
34,82,9.11
34,83,9.22
34,84,9.32
34,85,9.43
34,86,9.53
34,87,9.64
34,88,9.74
34,89,9.85
35,1,0.11
35,2,0.22
35,3,0.33
35,4,0.44
35,5,0.55
35,6,0.66
35,7,0.77
35,8,0.88
35,9,0.99
35,10,1.09
35,11,1.2
35,12,1.31
35,13,1.42
35,14,1.53
35,15,1.64
35,16,1.75
35,17,1.85
35,18,1.96
35,19,2.07
35,20,2.18
35,21,2.28
35,22,2.39
35,23,2.5
35,24,2.61
35,25,2.71
35,26,2.82
35,27,2.93
35,28,3.03
35,29,3.14
35,30,3.25
35,31,3.35
35,32,3.46
35,33,3.57
35,34,3.67
35,35,3.78
35,36,3.88
35,37,3.99
35,38,4.1
35,39,4.2
35,40,4.31
35,41,4.41
35,42,4.52
35,43,4.62
35,44,4.73
35,45,4.83
35,46,4.94
35,47,5.04
35,48,5.15
35,49,5.25
35,50,5.35
35,51,5.46
35,52,5.56
35,53,5.67
35,54,5.77
35,55,5.87
35,56,5.98
35,57,6.08
35,58,6.18
35,59,6.29
35,60,6.39
35,61,6.49
35,62,6.6
35,63,6.7
35,64,6.8
35,65,6.9
35,66,7.01
35,67,7.11
35,68,7.21
35,69,7.31
35,70,7.41
35,71,7.52
35,72,7.62
35,73,7.72
35,74,7.82
35,75,7.92
35,76,8.02
35,77,8.13
35,78,8.23
35,79,8.33
35,80,8.43
35,81,8.53
35,82,8.63
35,83,8.73
35,84,8.83
35,85,8.93
35,86,9.03
35,87,9.13
35,88,9.23
35,89,9.33
36,1,0.1
36,2,0.21
36,3,0.31
36,4,0.42
36,5,0.52
36,6,0.62
36,7,0.73
36,8,0.83
36,9,0.93
36,10,1.04
36,11,1.14
36,12,1.24
36,13,1.34
36,14,1.45
36,15,1.55
36,16,1.65
36,17,1.75
36,18,1.86
36,19,1.96
36,20,2.06
36,21,2.16
36,22,2.26
36,23,2.37
36,24,2.47
36,25,2.57
36,26,2.67
36,27,2.77
36,28,2.87
36,29,2.97
36,30,3.07
36,31,3.18
36,32,3.28
36,33,3.38
36,34,3.48
36,35,3.58
36,36,3.68
36,37,3.78
36,38,3.88
36,39,3.98
36,40,4.08
36,41,4.18
36,42,4.28
36,43,4.38
36,44,4.48
36,45,4.58
36,46,4.68
36,47,4.78
36,48,4.87
36,49,4.97
36,50,5.07
36,51,5.17
36,52,5.27
36,53,5.37
36,54,5.47
36,55,5.56
36,56,5.66
36,57,5.76
36,58,5.86
36,59,5.96
36,60,6.06
36,61,6.15
36,62,6.25
36,63,6.35
36,64,6.45
36,65,6.54
36,66,6.64
36,67,6.74
36,68,6.83
36,69,6.93
36,70,7.03
36,71,7.12
36,72,7.22
36,73,7.32
36,74,7.41
36,75,7.51
36,76,7.61
36,77,7.7
36,78,7.8
36,79,7.89
36,80,7.99
36,81,8.09
36,82,8.18
36,83,8.28
36,84,8.37
36,85,8.47
36,86,8.56
36,87,8.66
36,88,8.75
36,89,8.85
37,1,0.1
37,2,0.2
37,3,0.3
37,4,0.39
37,5,0.49
37,6,0.59
37,7,0.69
37,8,0.79
37,9,0.88
37,10,0.98
37,11,1.08
37,12,1.18
37,13,1.27
37,14,1.37
37,15,1.47
37,16,1.57
37,17,1.66
37,18,1.76
37,19,1.86
37,20,1.95
37,21,2.05
37,22,2.15
37,23,2.24
37,24,2.34
37,25,2.44
37,26,2.53
37,27,2.63
37,28,2.72
37,29,2.82
37,30,2.92
37,31,3.01
37,32,3.11
37,33,3.2
37,34,3.3
37,35,3.39
37,36,3.49
37,37,3.58
37,38,3.68
37,39,3.77
37,40,3.87
37,41,3.96
37,42,4.06
37,43,4.15
37,44,4.25
37,45,4.34
37,46,4.44
37,47,4.53
37,48,4.62
37,49,4.72
37,50,4.81
37,51,4.91
37,52,5.0
37,53,5.09
37,54,5.19
37,55,5.28
37,56,5.37
37,57,5.47
37,58,5.56
37,59,5.65
37,60,5.75
37,61,5.84
37,62,5.93
37,63,6.02
37,64,6.12
37,65,6.21
37,66,6.3
37,67,6.39
37,68,6.49
37,69,6.58
37,70,6.67
37,71,6.76
37,72,6.86
37,73,6.95
37,74,7.04
37,75,7.13
37,76,7.22
37,77,7.31
37,78,7.4
37,79,7.5
37,80,7.59
37,81,7.68
37,82,7.77
37,83,7.86
37,84,7.95
37,85,8.04
37,86,8.13
37,87,8.22
37,88,8.31
37,89,8.4
38,1,0.09
38,2,0.19
38,3,0.28
38,4,0.37
38,5,0.47
38,6,0.56
38,7,0.65
38,8,0.75
38,9,0.84
38,10,0.93
38,11,1.02
38,12,1.12
38,13,1.21
38,14,1.3
38,15,1.39
38,16,1.49
38,17,1.58
38,18,1.67
38,19,1.76
38,20,1.85
38,21,1.95
38,22,2.04
38,23,2.13
38,24,2.22
38,25,2.31
38,26,2.4
38,27,2.49
38,28,2.59
38,29,2.68
38,30,2.77
38,31,2.86
38,32,2.95
38,33,3.04
38,34,3.13
38,35,3.22
38,36,3.31
38,37,3.4
38,38,3.49
38,39,3.58
38,40,3.67
38,41,3.76
38,42,3.85
38,43,3.94
38,44,4.03
38,45,4.12
38,46,4.21
38,47,4.3
38,48,4.39
38,49,4.48
38,50,4.57
38,51,4.66
38,52,4.75
38,53,4.84
38,54,4.93
38,55,5.02
38,56,5.1
38,57,5.19
38,58,5.28
38,59,5.37
38,60,5.46
38,61,5.55
38,62,5.64
38,63,5.72
38,64,5.81
38,65,5.9
38,66,5.99
38,67,6.08
38,68,6.16
38,69,6.25
38,70,6.34
38,71,6.43
38,72,6.51
38,73,6.6
38,74,6.69
38,75,6.78
38,76,6.86
38,77,6.95
38,78,7.04
38,79,7.12
38,80,7.21
38,81,7.3
38,82,7.38
38,83,7.47
38,84,7.56
38,85,7.64
38,86,7.73
38,87,7.82
38,88,7.9
38,89,7.99
39,1,0.09
39,2,0.18
39,3,0.27
39,4,0.35
39,5,0.44
39,6,0.53
39,7,0.62
39,8,0.71
39,9,0.8
39,10,0.88
39,11,0.97
39,12,1.06
39,13,1.15
39,14,1.24
39,15,1.32
39,16,1.41
39,17,1.5
39,18,1.59
39,19,1.67
39,20,1.76
39,21,1.85
39,22,1.94
39,23,2.02
39,24,2.11
39,25,2.2
39,26,2.28
39,27,2.37
39,28,2.46
39,29,2.54
39,30,2.63
39,31,2.72
39,32,2.8
39,33,2.89
39,34,2.98
39,35,3.06
39,36,3.15
39,37,3.23
39,38,3.32
39,39,3.41
39,40,3.49
39,41,3.58
39,42,3.66
39,43,3.75
39,44,3.83
39,45,3.92
39,46,4.01
39,47,4.09
39,48,4.18
39,49,4.26
39,50,4.35
39,51,4.43
39,52,4.52
39,53,4.6
39,54,4.69
39,55,4.77
39,56,4.85
39,57,4.94
39,58,5.02
39,59,5.11
39,60,5.19
39,61,5.28
39,62,5.36
39,63,5.44
39,64,5.53
39,65,5.61
39,66,5.7
39,67,5.78
39,68,5.86
39,69,5.95
39,70,6.03
39,71,6.11
39,72,6.2
39,73,6.28
39,74,6.36
39,75,6.45
39,76,6.53
39,77,6.61
39,78,6.7
39,79,6.78
39,80,6.86
39,81,6.95
39,82,7.03
39,83,7.11
39,84,7.19
39,85,7.28
39,86,7.36
39,87,7.44
39,88,7.52
39,89,7.6
40,1,0.08
40,2,0.17
40,3,0.25
40,4,0.34
40,5,0.42
40,6,0.51
40,7,0.59
40,8,0.67
40,9,0.76
40,10,0.84
40,11,0.93
40,12,1.01
40,13,1.09
40,14,1.18
40,15,1.26
40,16,1.34
40,17,1.43
40,18,1.51
40,19,1.59
40,20,1.68
40,21,1.76
40,22,1.84
40,23,1.93
40,24,2.01
40,25,2.09
40,26,2.17
40,27,2.26
40,28,2.34
40,29,2.42
40,30,2.51
40,31,2.59
40,32,2.67
40,33,2.75
40,34,2.83
40,35,2.92
40,36,3.0
40,37,3.08
40,38,3.16
40,39,3.24
40,40,3.33
40,41,3.41
40,42,3.49
40,43,3.57
40,44,3.65
40,45,3.73
40,46,3.82
40,47,3.9
40,48,3.98
40,49,4.06
40,50,4.14
40,51,4.22
40,52,4.3
40,53,4.38
40,54,4.46
40,55,4.54
40,56,4.63
40,57,4.71
40,58,4.79
40,59,4.87
40,60,4.95
40,61,5.03
40,62,5.11
40,63,5.19
40,64,5.27
40,65,5.35
40,66,5.43
40,67,5.51
40,68,5.59
40,69,5.67
40,70,5.75
40,71,5.83
40,72,5.91
40,73,5.99
40,74,6.07
40,75,6.15
40,76,6.23
40,77,6.3
40,78,6.38
40,79,6.46
40,80,6.54
40,81,6.62
40,82,6.7
40,83,6.78
40,84,6.86
40,85,6.94
40,86,7.01
40,87,7.09
40,88,7.17
40,89,7.25
41,1,0.08
41,2,0.16
41,3,0.24
41,4,0.32
41,5,0.4
41,6,0.48
41,7,0.56
41,8,0.64
41,9,0.72
41,10,0.8
41,11,0.88
41,12,0.96
41,13,1.04
41,14,1.12
41,15,1.2
41,16,1.28
41,17,1.36
41,18,1.44
41,19,1.52
41,20,1.6
41,21,1.68
41,22,1.76
41,23,1.84
41,24,1.92
41,25,1.99
41,26,2.07
41,27,2.15
41,28,2.23
41,29,2.31
41,30,2.39
41,31,2.47
41,32,2.55
41,33,2.62
41,34,2.7
41,35,2.78
41,36,2.86
41,37,2.94
41,38,3.02
41,39,3.09
41,40,3.17
41,41,3.25
41,42,3.33
41,43,3.41
41,44,3.48
41,45,3.56
41,46,3.64
41,47,3.72
41,48,3.79
41,49,3.87
41,50,3.95
41,51,4.03
41,52,4.1
41,53,4.18
41,54,4.26
41,55,4.33
41,56,4.41
41,57,4.49
41,58,4.57
41,59,4.64
41,60,4.72
41,61,4.8
41,62,4.87
41,63,4.95
41,64,5.03
41,65,5.1
41,66,5.18
41,67,5.25
41,68,5.33
41,69,5.41
41,70,5.48
41,71,5.56
41,72,5.64
41,73,5.71
41,74,5.79
41,75,5.86
41,76,5.94
41,77,6.02
41,78,6.09
41,79,6.17
41,80,6.24
41,81,6.32
41,82,6.39
41,83,6.47
41,84,6.54
41,85,6.62
41,86,6.69
41,87,6.77
41,88,6.84
41,89,6.92
42,1,0.08
42,2,0.15
42,3,0.23
42,4,0.31
42,5,0.38
42,6,0.46
42,7,0.54
42,8,0.61
42,9,0.69
42,10,0.76
42,11,0.84
42,12,0.92
42,13,0.99
42,14,1.07
42,15,1.14
42,16,1.22
42,17,1.3
42,18,1.37
42,19,1.45
42,20,1.52
42,21,1.6
42,22,1.67
42,23,1.75
42,24,1.83
42,25,1.9
42,26,1.98
42,27,2.05
42,28,2.13
42,29,2.2
42,30,2.28
42,31,2.35
42,32,2.43
42,33,2.5
42,34,2.58
42,35,2.65
42,36,2.73
42,37,2.8
42,38,2.87
42,39,2.95
42,40,3.02
42,41,3.1
42,42,3.17
42,43,3.25
42,44,3.32
42,45,3.4
42,46,3.47
42,47,3.54
42,48,3.62
42,49,3.69
42,50,3.77
42,51,3.84
42,52,3.91
42,53,3.99
42,54,4.06
42,55,4.13
42,56,4.21
42,57,4.28
42,58,4.35
42,59,4.43
42,60,4.5
42,61,4.57
42,62,4.65
42,63,4.72
42,64,4.79
42,65,4.87
42,66,4.94
42,67,5.01
42,68,5.09
42,69,5.16
42,70,5.23
42,71,5.3
42,72,5.38
42,73,5.45
42,74,5.52
42,75,5.59
42,76,5.67
42,77,5.74
42,78,5.81
42,79,5.88
42,80,5.96
42,81,6.03
42,82,6.1
42,83,6.17
42,84,6.24
42,85,6.32
42,86,6.39
42,87,6.46
42,88,6.53
42,89,6.6
43,1,0.07
43,2,0.15
43,3,0.22
43,4,0.29
43,5,0.37
43,6,0.44
43,7,0.51
43,8,0.58
43,9,0.66
43,10,0.73
43,11,0.8
43,12,0.88
43,13,0.95
43,14,1.02
43,15,1.09
43,16,1.17
43,17,1.24
43,18,1.31
43,19,1.38
43,20,1.45
43,21,1.53
43,22,1.6
43,23,1.67
43,24,1.74
43,25,1.81
43,26,1.89
43,27,1.96
43,28,2.03
43,29,2.1
43,30,2.17
43,31,2.24
43,32,2.32
43,33,2.39
43,34,2.46
43,35,2.53
43,36,2.6
43,37,2.67
43,38,2.74
43,39,2.82
43,40,2.89
43,41,2.96
43,42,3.03
43,43,3.1
43,44,3.17
43,45,3.24
43,46,3.31
43,47,3.38
43,48,3.45
43,49,3.53
43,50,3.6
43,51,3.67
43,52,3.74
43,53,3.81
43,54,3.88
43,55,3.95
43,56,4.02
43,57,4.09
43,58,4.16
43,59,4.23
43,60,4.3
43,61,4.37
43,62,4.44
43,63,4.51
43,64,4.58
43,65,4.65
43,66,4.72
43,67,4.79
43,68,4.86
43,69,4.93
43,70,5.0
43,71,5.07
43,72,5.14
43,73,5.21
43,74,5.28
43,75,5.35
43,76,5.41
43,77,5.48
43,78,5.55
43,79,5.62
43,80,5.69
43,81,5.76
43,82,5.83
43,83,5.9
43,84,5.97
43,85,6.04
43,86,6.1
43,87,6.17
43,88,6.24
43,89,6.31
44,1,0.07
44,2,0.14
44,3,0.21
44,4,0.28
44,5,0.35
44,6,0.42
44,7,0.49
44,8,0.56
44,9,0.63
44,10,0.7
44,11,0.77
44,12,0.84
44,13,0.91
44,14,0.98
44,15,1.04
44,16,1.11
44,17,1.18
44,18,1.25
44,19,1.32
44,20,1.39
44,21,1.46
44,22,1.53
44,23,1.6
44,24,1.67
44,25,1.74
44,26,1.8
44,27,1.87
44,28,1.94
44,29,2.01
44,30,2.08
44,31,2.15
44,32,2.22
44,33,2.28
44,34,2.35
44,35,2.42
44,36,2.49
44,37,2.56
44,38,2.63
44,39,2.69
44,40,2.76
44,41,2.83
44,42,2.9
44,43,2.97
44,44,3.03
44,45,3.1
44,46,3.17
44,47,3.24
44,48,3.31
44,49,3.37
44,50,3.44
44,51,3.51
44,52,3.58
44,53,3.64
44,54,3.71
44,55,3.78
44,56,3.85
44,57,3.91
44,58,3.98
44,59,4.05
44,60,4.11
44,61,4.18
44,62,4.25
44,63,4.32
44,64,4.38
44,65,4.45
44,66,4.52
44,67,4.58
44,68,4.65
44,69,4.72
44,70,4.78
44,71,4.85
44,72,4.92
44,73,4.98
44,74,5.05
44,75,5.12
44,76,5.18
44,77,5.25
44,78,5.32
44,79,5.38
44,80,5.45
44,81,5.51
44,82,5.58
44,83,5.65
44,84,5.71
44,85,5.78
44,86,5.84
44,87,5.91
44,88,5.98
44,89,6.04
45,1,0.07
45,2,0.13
45,3,0.2
45,4,0.27
45,5,0.33
45,6,0.4
45,7,0.47
45,8,0.53
45,9,0.6
45,10,0.67
45,11,0.73
45,12,0.8
45,13,0.87
45,14,0.93
45,15,1.0
45,16,1.07
45,17,1.13
45,18,1.2
45,19,1.26
45,20,1.33
45,21,1.4
45,22,1.46
45,23,1.53
45,24,1.59
45,25,1.66
45,26,1.73
45,27,1.79
45,28,1.86
45,29,1.92
45,30,1.99
45,31,2.06
45,32,2.12
45,33,2.19
45,34,2.25
45,35,2.32
45,36,2.38
45,37,2.45
45,38,2.51
45,39,2.58
45,40,2.64
45,41,2.71
45,42,2.77
45,43,2.84
45,44,2.9
45,45,2.97
45,46,3.03
45,47,3.1
45,48,3.16
45,49,3.23
45,50,3.29
45,51,3.36
45,52,3.42
45,53,3.49
45,54,3.55
45,55,3.62
45,56,3.68
45,57,3.75
45,58,3.81
45,59,3.88
45,60,3.94
45,61,4.0
45,62,4.07
45,63,4.13
45,64,4.2
45,65,4.26
45,66,4.33
45,67,4.39
45,68,4.45
45,69,4.52
45,70,4.58
45,71,4.65
45,72,4.71
45,73,4.77
45,74,4.84
45,75,4.9
45,76,4.96
45,77,5.03
45,78,5.09
45,79,5.15
45,80,5.22
45,81,5.28
45,82,5.35
45,83,5.41
45,84,5.47
45,85,5.54
45,86,5.6
45,87,5.66
45,88,5.72
45,89,5.79
46,1,0.06
46,2,0.13
46,3,0.19
46,4,0.26
46,5,0.32
46,6,0.38
46,7,0.45
46,8,0.51
46,9,0.58
46,10,0.64
46,11,0.7
46,12,0.77
46,13,0.83
46,14,0.89
46,15,0.96
46,16,1.02
46,17,1.08
46,18,1.15
46,19,1.21
46,20,1.28
46,21,1.34
46,22,1.4
46,23,1.46
46,24,1.53
46,25,1.59
46,26,1.65
46,27,1.72
46,28,1.78
46,29,1.84
46,30,1.91
46,31,1.97
46,32,2.03
46,33,2.1
46,34,2.16
46,35,2.22
46,36,2.28
46,37,2.35
46,38,2.41
46,39,2.47
46,40,2.53
46,41,2.6
46,42,2.66
46,43,2.72
46,44,2.78
46,45,2.85
46,46,2.91
46,47,2.97
46,48,3.03
46,49,3.09
46,50,3.16
46,51,3.22
46,52,3.28
46,53,3.34
46,54,3.41
46,55,3.47
46,56,3.53
46,57,3.59
46,58,3.65
46,59,3.71
46,60,3.78
46,61,3.84
46,62,3.9
46,63,3.96
46,64,4.02
46,65,4.08
46,66,4.15
46,67,4.21
46,68,4.27
46,69,4.33
46,70,4.39
46,71,4.45
46,72,4.51
46,73,4.58
46,74,4.64
46,75,4.7
46,76,4.76
46,77,4.82
46,78,4.88
46,79,4.94
46,80,5.0
46,81,5.06
46,82,5.13
46,83,5.19
46,84,5.25
46,85,5.31
46,86,5.37
46,87,5.43
46,88,5.49
46,89,5.55
47,1,0.06
47,2,0.12
47,3,0.18
47,4,0.25
47,5,0.31
47,6,0.37
47,7,0.43
47,8,0.49
47,9,0.55
47,10,0.61
47,11,0.67
47,12,0.73
47,13,0.8
47,14,0.86
47,15,0.92
47,16,0.98
47,17,1.04
47,18,1.1
47,19,1.16
47,20,1.22
47,21,1.28
47,22,1.34
47,23,1.4
47,24,1.46
47,25,1.52
47,26,1.58
47,27,1.64
47,28,1.71
47,29,1.77
47,30,1.83
47,31,1.89
47,32,1.95
47,33,2.01
47,34,2.07
47,35,2.13
47,36,2.19
47,37,2.25
47,38,2.31
47,39,2.37
47,40,2.43
47,41,2.49
47,42,2.55
47,43,2.61
47,44,2.67
47,45,2.73
47,46,2.79
47,47,2.85
47,48,2.91
47,49,2.97
47,50,3.02
47,51,3.08
47,52,3.14
47,53,3.2
47,54,3.26
47,55,3.32
47,56,3.38
47,57,3.44
47,58,3.5
47,59,3.56
47,60,3.62
47,61,3.68
47,62,3.74
47,63,3.8
47,64,3.85
47,65,3.91
47,66,3.97
47,67,4.03
47,68,4.09
47,69,4.15
47,70,4.21
47,71,4.27
47,72,4.33
47,73,4.39
47,74,4.44
47,75,4.5
47,76,4.56
47,77,4.62
47,78,4.68
47,79,4.74
47,80,4.8
47,81,4.85
47,82,4.91
47,83,4.97
47,84,5.03
47,85,5.09
47,86,5.15
47,87,5.2
47,88,5.26
47,89,5.32
48,1,0.06
48,2,0.12
48,3,0.18
48,4,0.24
48,5,0.29
48,6,0.35
48,7,0.41
48,8,0.47
48,9,0.53
48,10,0.59
48,11,0.65
48,12,0.71
48,13,0.76
48,14,0.82
48,15,0.88
48,16,0.94
48,17,1.0
48,18,1.06
48,19,1.11
48,20,1.17
48,21,1.23
48,22,1.29
48,23,1.35
48,24,1.41
48,25,1.46
48,26,1.52
48,27,1.58
48,28,1.64
48,29,1.7
48,30,1.75
48,31,1.81
48,32,1.87
48,33,1.93
48,34,1.99
48,35,2.04
48,36,2.1
48,37,2.16
48,38,2.22
48,39,2.27
48,40,2.33
48,41,2.39
48,42,2.45
48,43,2.5
48,44,2.56
48,45,2.62
48,46,2.68
48,47,2.73
48,48,2.79
48,49,2.85
48,50,2.91
48,51,2.96
48,52,3.02
48,53,3.08
48,54,3.13
48,55,3.19
48,56,3.25
48,57,3.31
48,58,3.36
48,59,3.42
48,60,3.48
48,61,3.53
48,62,3.59
48,63,3.65
48,64,3.7
48,65,3.76
48,66,3.82
48,67,3.87
48,68,3.93
48,69,3.99
48,70,4.04
48,71,4.1
48,72,4.16
48,73,4.21
48,74,4.27
48,75,4.33
48,76,4.38
48,77,4.44
48,78,4.5
48,79,4.55
48,80,4.61
48,81,4.67
48,82,4.72
48,83,4.78
48,84,4.83
48,85,4.89
48,86,4.95
48,87,5.0
48,88,5.06
48,89,5.11
49,1,0.06
49,2,0.11
49,3,0.17
49,4,0.23
49,5,0.28
49,6,0.34
49,7,0.4
49,8,0.45
49,9,0.51
49,10,0.56
49,11,0.62
49,12,0.68
49,13,0.73
49,14,0.79
49,15,0.85
49,16,0.9
49,17,0.96
49,18,1.01
49,19,1.07
49,20,1.13
49,21,1.18
49,22,1.24
49,23,1.29
49,24,1.35
49,25,1.41
49,26,1.46
49,27,1.52
49,28,1.57
49,29,1.63
49,30,1.68
49,31,1.74
49,32,1.8
49,33,1.85
49,34,1.91
49,35,1.96
49,36,2.02
49,37,2.07
49,38,2.13
49,39,2.18
49,40,2.24
49,41,2.3
49,42,2.35
49,43,2.41
49,44,2.46
49,45,2.52
49,46,2.57
49,47,2.63
49,48,2.68
49,49,2.74
49,50,2.79
49,51,2.85
49,52,2.9
49,53,2.96
49,54,3.01
49,55,3.07
49,56,3.12
49,57,3.18
49,58,3.23
49,59,3.29
49,60,3.34
49,61,3.4
49,62,3.45
49,63,3.51
49,64,3.56
49,65,3.61
49,66,3.67
49,67,3.72
49,68,3.78
49,69,3.83
49,70,3.89
49,71,3.94
49,72,4.0
49,73,4.05
49,74,4.1
49,75,4.16
49,76,4.21
49,77,4.27
49,78,4.32
49,79,4.38
49,80,4.43
49,81,4.48
49,82,4.54
49,83,4.59
49,84,4.65
49,85,4.7
49,86,4.75
49,87,4.81
49,88,4.86
49,89,4.92
50,1,0.05
50,2,0.11
50,3,0.16
50,4,0.22
50,5,0.27
50,6,0.33
50,7,0.38
50,8,0.43
50,9,0.49
50,10,0.54
50,11,0.6
50,12,0.65
50,13,0.7
50,14,0.76
50,15,0.81
50,16,0.87
50,17,0.92
50,18,0.97
50,19,1.03
50,20,1.08
50,21,1.14
50,22,1.19
50,23,1.24
50,24,1.3
50,25,1.35
50,26,1.4
50,27,1.46
50,28,1.51
50,29,1.57
50,30,1.62
50,31,1.67
50,32,1.73
50,33,1.78
50,34,1.83
50,35,1.89
50,36,1.94
50,37,1.99
50,38,2.05
50,39,2.1
50,40,2.15
50,41,2.21
50,42,2.26
50,43,2.31
50,44,2.36
50,45,2.42
50,46,2.47
50,47,2.52
50,48,2.58
50,49,2.63
50,50,2.68
50,51,2.74
50,52,2.79
50,53,2.84
50,54,2.89
50,55,2.95
50,56,3.0
50,57,3.05
50,58,3.11
50,59,3.16
50,60,3.21
50,61,3.26
50,62,3.32
50,63,3.37
50,64,3.42
50,65,3.47
50,66,3.53
50,67,3.58
50,68,3.63
50,69,3.68
50,70,3.74
50,71,3.79
50,72,3.84
50,73,3.89
50,74,3.95
50,75,4.0
50,76,4.05
50,77,4.1
50,78,4.15
50,79,4.21
50,80,4.26
50,81,4.31
50,82,4.36
50,83,4.41
50,84,4.47
50,85,4.52
50,86,4.57
50,87,4.62
50,88,4.67
50,89,4.73
51,1,0.05
51,2,0.1
51,3,0.16
51,4,0.21
51,5,0.26
51,6,0.31
51,7,0.37
51,8,0.42
51,9,0.47
51,10,0.52
51,11,0.57
51,12,0.62
51,13,0.68
51,14,0.73
51,15,0.78
51,16,0.83
51,17,0.88
51,18,0.94
51,19,0.99
51,20,1.04
51,21,1.09
51,22,1.14
51,23,1.19
51,24,1.25
51,25,1.3
51,26,1.35
51,27,1.4
51,28,1.45
51,29,1.5
51,30,1.56
51,31,1.61
51,32,1.66
51,33,1.71
51,34,1.76
51,35,1.81
51,36,1.86
51,37,1.91
51,38,1.97
51,39,2.02
51,40,2.07
51,41,2.12
51,42,2.17
51,43,2.22
51,44,2.27
51,45,2.32
51,46,2.37
51,47,2.43
51,48,2.48
51,49,2.53
51,50,2.58
51,51,2.63
51,52,2.68
51,53,2.73
51,54,2.78
51,55,2.83
51,56,2.88
51,57,2.93
51,58,2.98
51,59,3.04
51,60,3.09
51,61,3.14
51,62,3.19
51,63,3.24
51,64,3.29
51,65,3.34
51,66,3.39
51,67,3.44
51,68,3.49
51,69,3.54
51,70,3.59
51,71,3.64
51,72,3.69
51,73,3.74
51,74,3.79
51,75,3.84
51,76,3.89
51,77,3.94
51,78,3.99
51,79,4.04
51,80,4.09
51,81,4.14
51,82,4.19
51,83,4.24
51,84,4.29
51,85,4.34
51,86,4.39
51,87,4.44
51,88,4.49
51,89,4.54
52,1,0.05
52,2,0.1
52,3,0.15
52,4,0.2
52,5,0.25
52,6,0.3
52,7,0.35
52,8,0.4
52,9,0.45
52,10,0.5
52,11,0.55
52,12,0.6
52,13,0.65
52,14,0.7
52,15,0.75
52,16,0.8
52,17,0.85
52,18,0.9
52,19,0.95
52,20,1.0
52,21,1.05
52,22,1.1
52,23,1.15
52,24,1.2
52,25,1.25
52,26,1.3
52,27,1.35
52,28,1.4
52,29,1.45
52,30,1.5
52,31,1.55
52,32,1.6
52,33,1.65
52,34,1.7
52,35,1.74
52,36,1.79
52,37,1.84
52,38,1.89
52,39,1.94
52,40,1.99
52,41,2.04
52,42,2.09
52,43,2.14
52,44,2.19
52,45,2.24
52,46,2.29
52,47,2.34
52,48,2.39
52,49,2.43
52,50,2.48
52,51,2.53
52,52,2.58
52,53,2.63
52,54,2.68
52,55,2.73
52,56,2.78
52,57,2.83
52,58,2.87
52,59,2.92
52,60,2.97
52,61,3.02
52,62,3.07
52,63,3.12
52,64,3.17
52,65,3.22
52,66,3.26
52,67,3.31
52,68,3.36
52,69,3.41
52,70,3.46
52,71,3.51
52,72,3.56
52,73,3.6
52,74,3.65
52,75,3.7
52,76,3.75
52,77,3.8
52,78,3.85
52,79,3.9
52,80,3.94
52,81,3.99
52,82,4.04
52,83,4.09
52,84,4.14
52,85,4.18
52,86,4.23
52,87,4.28
52,88,4.33
52,89,4.38
53,1,0.05
53,2,0.1
53,3,0.15
53,4,0.19
53,5,0.24
53,6,0.29
53,7,0.34
53,8,0.39
53,9,0.43
53,10,0.48
53,11,0.53
53,12,0.58
53,13,0.63
53,14,0.68
53,15,0.72
53,16,0.77
53,17,0.82
53,18,0.87
53,19,0.92
53,20,0.96
53,21,1.01
53,22,1.06
53,23,1.11
53,24,1.16
53,25,1.2
53,26,1.25
53,27,1.3
53,28,1.35
53,29,1.39
53,30,1.44
53,31,1.49
53,32,1.54
53,33,1.59
53,34,1.63
53,35,1.68
53,36,1.73
53,37,1.78
53,38,1.82
53,39,1.87
53,40,1.92
53,41,1.97
53,42,2.01
53,43,2.06
53,44,2.11
53,45,2.16
53,46,2.2
53,47,2.25
53,48,2.3
53,49,2.35
53,50,2.39
53,51,2.44
53,52,2.49
53,53,2.53
53,54,2.58
53,55,2.63
53,56,2.68
53,57,2.72
53,58,2.77
53,59,2.82
53,60,2.86
53,61,2.91
53,62,2.96
53,63,3.01
53,64,3.05
53,65,3.1
53,66,3.15
53,67,3.19
53,68,3.24
53,69,3.29
53,70,3.33
53,71,3.38
53,72,3.43
53,73,3.47
53,74,3.52
53,75,3.57
53,76,3.61
53,77,3.66
53,78,3.71
53,79,3.75
53,80,3.8
53,81,3.85
53,82,3.89
53,83,3.94
53,84,3.99
53,85,4.03
53,86,4.08
53,87,4.13
53,88,4.17
53,89,4.22
54,1,0.05
54,2,0.09
54,3,0.14
54,4,0.19
54,5,0.23
54,6,0.28
54,7,0.33
54,8,0.37
54,9,0.42
54,10,0.47
54,11,0.51
54,12,0.56
54,13,0.6
54,14,0.65
54,15,0.7
54,16,0.74
54,17,0.79
54,18,0.84
54,19,0.88
54,20,0.93
54,21,0.98
54,22,1.02
54,23,1.07
54,24,1.11
54,25,1.16
54,26,1.21
54,27,1.25
54,28,1.3
54,29,1.34
54,30,1.39
54,31,1.44
54,32,1.48
54,33,1.53
54,34,1.57
54,35,1.62
54,36,1.67
54,37,1.71
54,38,1.76
54,39,1.8
54,40,1.85
54,41,1.9
54,42,1.94
54,43,1.99
54,44,2.03
54,45,2.08
54,46,2.12
54,47,2.17
54,48,2.22
54,49,2.26
54,50,2.31
54,51,2.35
54,52,2.4
54,53,2.44
54,54,2.49
54,55,2.53
54,56,2.58
54,57,2.63
54,58,2.67
54,59,2.72
54,60,2.76
54,61,2.81
54,62,2.85
54,63,2.9
54,64,2.94
54,65,2.99
54,66,3.03
54,67,3.08
54,68,3.12
54,69,3.17
54,70,3.21
54,71,3.26
54,72,3.31
54,73,3.35
54,74,3.4
54,75,3.44
54,76,3.49
54,77,3.53
54,78,3.58
54,79,3.62
54,80,3.67
54,81,3.71
54,82,3.76
54,83,3.8
54,84,3.85
54,85,3.89
54,86,3.93
54,87,3.98
54,88,4.02
54,89,4.07
55,1,0.05
55,2,0.09
55,3,0.13
55,4,0.18
55,5,0.22
55,6,0.27
55,7,0.31
55,8,0.36
55,9,0.4
55,10,0.45
55,11,0.49
55,12,0.54
55,13,0.58
55,14,0.63
55,15,0.67
55,16,0.72
55,17,0.76
55,18,0.81
55,19,0.85
55,20,0.9
55,21,0.94
55,22,0.99
55,23,1.03
55,24,1.07
55,25,1.12
55,26,1.16
55,27,1.21
55,28,1.25
55,29,1.3
55,30,1.34
55,31,1.39
55,32,1.43
55,33,1.47
55,34,1.52
55,35,1.56
55,36,1.61
55,37,1.65
55,38,1.7
55,39,1.74
55,40,1.78
55,41,1.83
55,42,1.87
55,43,1.92
55,44,1.96
55,45,2.01
55,46,2.05
55,47,2.09
55,48,2.14
55,49,2.18
55,50,2.23
55,51,2.27
55,52,2.31
55,53,2.36
55,54,2.4
55,55,2.45
55,56,2.49
55,57,2.53
55,58,2.58
55,59,2.62
55,60,2.67
55,61,2.71
55,62,2.75
55,63,2.8
55,64,2.84
55,65,2.88
55,66,2.93
55,67,2.97
55,68,3.01
55,69,3.06
55,70,3.1
55,71,3.15
55,72,3.19
55,73,3.23
55,74,3.28
55,75,3.32
55,76,3.36
55,77,3.41
55,78,3.45
55,79,3.49
55,80,3.54
55,81,3.58
55,82,3.62
55,83,3.67
55,84,3.71
55,85,3.75
55,86,3.8
55,87,3.84
55,88,3.88
55,89,3.93
56,1,0.04
56,2,0.09
56,3,0.13
56,4,0.17
56,5,0.22
56,6,0.26
56,7,0.3
56,8,0.35
56,9,0.39
56,10,0.43
56,11,0.48
56,12,0.52
56,13,0.56
56,14,0.61
56,15,0.65
56,16,0.69
56,17,0.74
56,18,0.78
56,19,0.82
56,20,0.87
56,21,0.91
56,22,0.95
56,23,0.99
56,24,1.04
56,25,1.08
56,26,1.12
56,27,1.17
56,28,1.21
56,29,1.25
56,30,1.3
56,31,1.34
56,32,1.38
56,33,1.42
56,34,1.47
56,35,1.51
56,36,1.55
56,37,1.6
56,38,1.64
56,39,1.68
56,40,1.72
56,41,1.77
56,42,1.81
56,43,1.85
56,44,1.89
56,45,1.94
56,46,1.98
56,47,2.02
56,48,2.06
56,49,2.11
56,50,2.15
56,51,2.19
56,52,2.23
56,53,2.28
56,54,2.32
56,55,2.36
56,56,2.4
56,57,2.45
56,58,2.49
56,59,2.53
56,60,2.57
56,61,2.62
56,62,2.66
56,63,2.7
56,64,2.74
56,65,2.79
56,66,2.83
56,67,2.87
56,68,2.91
56,69,2.95
56,70,3.0
56,71,3.04
56,72,3.08
56,73,3.12
56,74,3.16
56,75,3.21
56,76,3.25
56,77,3.29
56,78,3.33
56,79,3.37
56,80,3.42
56,81,3.46
56,82,3.5
56,83,3.54
56,84,3.58
56,85,3.63
56,86,3.67
56,87,3.71
56,88,3.75
56,89,3.79
57,1,0.04
57,2,0.08
57,3,0.13
57,4,0.17
57,5,0.21
57,6,0.25
57,7,0.29
57,8,0.33
57,9,0.38
57,10,0.42
57,11,0.46
57,12,0.5
57,13,0.54
57,14,0.58
57,15,0.63
57,16,0.67
57,17,0.71
57,18,0.75
57,19,0.79
57,20,0.83
57,21,0.88
57,22,0.92
57,23,0.96
57,24,1.0
57,25,1.04
57,26,1.08
57,27,1.12
57,28,1.17
57,29,1.21
57,30,1.25
57,31,1.29
57,32,1.33
57,33,1.37
57,34,1.41
57,35,1.46
57,36,1.5
57,37,1.54
57,38,1.58
57,39,1.62
57,40,1.66
57,41,1.7
57,42,1.74
57,43,1.79
57,44,1.83
57,45,1.87
57,46,1.91
57,47,1.95
57,48,1.99
57,49,2.03
57,50,2.07
57,51,2.11
57,52,2.15
57,53,2.2
57,54,2.24
57,55,2.28
57,56,2.32
57,57,2.36
57,58,2.4
57,59,2.44
57,60,2.48
57,61,2.52
57,62,2.56
57,63,2.6
57,64,2.65
57,65,2.69
57,66,2.73
57,67,2.77
57,68,2.81
57,69,2.85
57,70,2.89
57,71,2.93
57,72,2.97
57,73,3.01
57,74,3.05
57,75,3.09
57,76,3.13
57,77,3.17
57,78,3.21
57,79,3.26
57,80,3.3
57,81,3.34
57,82,3.38
57,83,3.42
57,84,3.46
57,85,3.5
57,86,3.54
57,87,3.58
57,88,3.62
57,89,3.66
58,1,0.04
58,2,0.08
58,3,0.12
58,4,0.16
58,5,0.2
58,6,0.24
58,7,0.28
58,8,0.32
58,9,0.36
58,10,0.4
58,11,0.44
58,12,0.49
58,13,0.53
58,14,0.57
58,15,0.61
58,16,0.65
58,17,0.69
58,18,0.73
58,19,0.77
58,20,0.81
58,21,0.85
58,22,0.89
58,23,0.93
58,24,0.97
58,25,1.01
58,26,1.05
58,27,1.09
58,28,1.13
58,29,1.17
58,30,1.21
58,31,1.25
58,32,1.29
58,33,1.33
58,34,1.37
58,35,1.41
58,36,1.45
58,37,1.49
58,38,1.53
58,39,1.57
58,40,1.61
58,41,1.65
58,42,1.69
58,43,1.73
58,44,1.77
58,45,1.81
58,46,1.85
58,47,1.89
58,48,1.93
58,49,1.97
58,50,2.01
58,51,2.05
58,52,2.09
58,53,2.13
58,54,2.16
58,55,2.2
58,56,2.24
58,57,2.28
58,58,2.32
58,59,2.36
58,60,2.4
58,61,2.44
58,62,2.48
58,63,2.52
58,64,2.56
58,65,2.6
58,66,2.64
58,67,2.68
58,68,2.72
58,69,2.76
58,70,2.8
58,71,2.84
58,72,2.88
58,73,2.92
58,74,2.95
58,75,2.99
58,76,3.03
58,77,3.07
58,78,3.11
58,79,3.15
58,80,3.19
58,81,3.23
58,82,3.27
58,83,3.31
58,84,3.35
58,85,3.39
58,86,3.43
58,87,3.46
58,88,3.5
58,89,3.54
59,1,0.04
59,2,0.08
59,3,0.12
59,4,0.16
59,5,0.2
59,6,0.23
59,7,0.27
59,8,0.31
59,9,0.35
59,10,0.39
59,11,0.43
59,12,0.47
59,13,0.51
59,14,0.55
59,15,0.59
59,16,0.62
59,17,0.66
59,18,0.7
59,19,0.74
59,20,0.78
59,21,0.82
59,22,0.86
59,23,0.9
59,24,0.94
59,25,0.97
59,26,1.01
59,27,1.05
59,28,1.09
59,29,1.13
59,30,1.17
59,31,1.21
59,32,1.25
59,33,1.28
59,34,1.32
59,35,1.36
59,36,1.4
59,37,1.44
59,38,1.48
59,39,1.52
59,40,1.55
59,41,1.59
59,42,1.63
59,43,1.67
59,44,1.71
59,45,1.75
59,46,1.79
59,47,1.82
59,48,1.86
59,49,1.9
59,50,1.94
59,51,1.98
59,52,2.02
59,53,2.05
59,54,2.09
59,55,2.13
59,56,2.17
59,57,2.21
59,58,2.25
59,59,2.28
59,60,2.32
59,61,2.36
59,62,2.4
59,63,2.44
59,64,2.48
59,65,2.51
59,66,2.55
59,67,2.59
59,68,2.63
59,69,2.67
59,70,2.7
59,71,2.74
59,72,2.78
59,73,2.82
59,74,2.86
59,75,2.89
59,76,2.93
59,77,2.97
59,78,3.01
59,79,3.05
59,80,3.08
59,81,3.12
59,82,3.16
59,83,3.2
59,84,3.24
59,85,3.27
59,86,3.31
59,87,3.35
59,88,3.39
59,89,3.43
60,1,0.04
60,2,0.08
60,3,0.11
60,4,0.15
60,5,0.19
60,6,0.23
60,7,0.26
60,8,0.3
60,9,0.34
60,10,0.38
60,11,0.42
60,12,0.45
60,13,0.49
60,14,0.53
60,15,0.57
60,16,0.6
60,17,0.64
60,18,0.68
60,19,0.72
60,20,0.75
60,21,0.79
60,22,0.83
60,23,0.87
60,24,0.91
60,25,0.94
60,26,0.98
60,27,1.02
60,28,1.06
60,29,1.09
60,30,1.13
60,31,1.17
60,32,1.21
60,33,1.24
60,34,1.28
60,35,1.32
60,36,1.35
60,37,1.39
60,38,1.43
60,39,1.47
60,40,1.5
60,41,1.54
60,42,1.58
60,43,1.62
60,44,1.65
60,45,1.69
60,46,1.73
60,47,1.77
60,48,1.8
60,49,1.84
60,50,1.88
60,51,1.91
60,52,1.95
60,53,1.99
60,54,2.03
60,55,2.06
60,56,2.1
60,57,2.14
60,58,2.17
60,59,2.21
60,60,2.25
60,61,2.28
60,62,2.32
60,63,2.36
60,64,2.4
60,65,2.43
60,66,2.47
60,67,2.51
60,68,2.54
60,69,2.58
60,70,2.62
60,71,2.65
60,72,2.69
60,73,2.73
60,74,2.76
60,75,2.8
60,76,2.84
60,77,2.88
60,78,2.91
60,79,2.95
60,80,2.99
60,81,3.02
60,82,3.06
60,83,3.1
60,84,3.13
60,85,3.17
60,86,3.21
60,87,3.24
60,88,3.28
60,89,3.32
61,1,0.04
61,2,0.07
61,3,0.11
61,4,0.15
61,5,0.18
61,6,0.22
61,7,0.26
61,8,0.29
61,9,0.33
61,10,0.37
61,11,0.4
61,12,0.44
61,13,0.47
61,14,0.51
61,15,0.55
61,16,0.58
61,17,0.62
61,18,0.66
61,19,0.69
61,20,0.73
61,21,0.77
61,22,0.8
61,23,0.84
61,24,0.88
61,25,0.91
61,26,0.95
61,27,0.98
61,28,1.02
61,29,1.06
61,30,1.09
61,31,1.13
61,32,1.17
61,33,1.2
61,34,1.24
61,35,1.27
61,36,1.31
61,37,1.35
61,38,1.38
61,39,1.42
61,40,1.45
61,41,1.49
61,42,1.53
61,43,1.56
61,44,1.6
61,45,1.63
61,46,1.67
61,47,1.71
61,48,1.74
61,49,1.78
61,50,1.81
61,51,1.85
61,52,1.89
61,53,1.92
61,54,1.96
61,55,1.99
61,56,2.03
61,57,2.07
61,58,2.1
61,59,2.14
61,60,2.17
61,61,2.21
61,62,2.24
61,63,2.28
61,64,2.32
61,65,2.35
61,66,2.39
61,67,2.42
61,68,2.46
61,69,2.5
61,70,2.53
61,71,2.57
61,72,2.6
61,73,2.64
61,74,2.67
61,75,2.71
61,76,2.74
61,77,2.78
61,78,2.82
61,79,2.85
61,80,2.89
61,81,2.92
61,82,2.96
61,83,2.99
61,84,3.03
61,85,3.06
61,86,3.1
61,87,3.14
61,88,3.17
61,89,3.21
62,1,0.04
62,2,0.07
62,3,0.11
62,4,0.14
62,5,0.18
62,6,0.21
62,7,0.25
62,8,0.28
62,9,0.32
62,10,0.35
62,11,0.39
62,12,0.43
62,13,0.46
62,14,0.5
62,15,0.53
62,16,0.57
62,17,0.6
62,18,0.64
62,19,0.67
62,20,0.71
62,21,0.74
62,22,0.78
62,23,0.81
62,24,0.85
62,25,0.88
62,26,0.92
62,27,0.96
62,28,0.99
62,29,1.03
62,30,1.06
62,31,1.1
62,32,1.13
62,33,1.17
62,34,1.2
62,35,1.24
62,36,1.27
62,37,1.31
62,38,1.34
62,39,1.38
62,40,1.41
62,41,1.45
62,42,1.48
62,43,1.52
62,44,1.55
62,45,1.59
62,46,1.62
62,47,1.66
62,48,1.69
62,49,1.73
62,50,1.76
62,51,1.8
62,52,1.83
62,53,1.87
62,54,1.9
62,55,1.94
62,56,1.97
62,57,2.01
62,58,2.04
62,59,2.08
62,60,2.11
62,61,2.15
62,62,2.18
62,63,2.21
62,64,2.25
62,65,2.28
62,66,2.32
62,67,2.35
62,68,2.39
62,69,2.42
62,70,2.46
62,71,2.49
62,72,2.53
62,73,2.56
62,74,2.6
62,75,2.63
62,76,2.67
62,77,2.7
62,78,2.73
62,79,2.77
62,80,2.8
62,81,2.84
62,82,2.87
62,83,2.91
62,84,2.94
62,85,2.98
62,86,3.01
62,87,3.05
62,88,3.08
62,89,3.11
63,1,0.03
63,2,0.07
63,3,0.1
63,4,0.14
63,5,0.17
63,6,0.21
63,7,0.24
63,8,0.27
63,9,0.31
63,10,0.34
63,11,0.38
63,12,0.41
63,13,0.45
63,14,0.48
63,15,0.51
63,16,0.55
63,17,0.58
63,18,0.62
63,19,0.65
63,20,0.69
63,21,0.72
63,22,0.75
63,23,0.79
63,24,0.82
63,25,0.86
63,26,0.89
63,27,0.92
63,28,0.96
63,29,0.99
63,30,1.03
63,31,1.06
63,32,1.09
63,33,1.13
63,34,1.16
63,35,1.2
63,36,1.23
63,37,1.26
63,38,1.3
63,39,1.33
63,40,1.37
63,41,1.4
63,42,1.43
63,43,1.47
63,44,1.5
63,45,1.53
63,46,1.57
63,47,1.6
63,48,1.64
63,49,1.67
63,50,1.7
63,51,1.74
63,52,1.77
63,53,1.81
63,54,1.84
63,55,1.87
63,56,1.91
63,57,1.94
63,58,1.97
63,59,2.01
63,60,2.04
63,61,2.08
63,62,2.11
63,63,2.14
63,64,2.18
63,65,2.21
63,66,2.24
63,67,2.28
63,68,2.31
63,69,2.34
63,70,2.38
63,71,2.41
63,72,2.44
63,73,2.48
63,74,2.51
63,75,2.55
63,76,2.58
63,77,2.61
63,78,2.65
63,79,2.68
63,80,2.71
63,81,2.75
63,82,2.78
63,83,2.81
63,84,2.85
63,85,2.88
63,86,2.91
63,87,2.95
63,88,2.98
63,89,3.01
64,1,0.03
64,2,0.07
64,3,0.1
64,4,0.13
64,5,0.17
64,6,0.2
64,7,0.23
64,8,0.27
64,9,0.3
64,10,0.33
64,11,0.37
64,12,0.4
64,13,0.43
64,14,0.47
64,15,0.5
64,16,0.53
64,17,0.56
64,18,0.6
64,19,0.63
64,20,0.66
64,21,0.7
64,22,0.73
64,23,0.76
64,24,0.8
64,25,0.83
64,26,0.86
64,27,0.9
64,28,0.93
64,29,0.96
64,30,0.99
64,31,1.03
64,32,1.06
64,33,1.09
64,34,1.13
64,35,1.16
64,36,1.19
64,37,1.22
64,38,1.26
64,39,1.29
64,40,1.32
64,41,1.36
64,42,1.39
64,43,1.42
64,44,1.45
64,45,1.49
64,46,1.52
64,47,1.55
64,48,1.59
64,49,1.62
64,50,1.65
64,51,1.68
64,52,1.72
64,53,1.75
64,54,1.78
64,55,1.81
64,56,1.85
64,57,1.88
64,58,1.91
64,59,1.95
64,60,1.98
64,61,2.01
64,62,2.04
64,63,2.08
64,64,2.11
64,65,2.14
64,66,2.17
64,67,2.21
64,68,2.24
64,69,2.27
64,70,2.3
64,71,2.34
64,72,2.37
64,73,2.4
64,74,2.43
64,75,2.47
64,76,2.5
64,77,2.53
64,78,2.56
64,79,2.6
64,80,2.63
64,81,2.66
64,82,2.69
64,83,2.73
64,84,2.76
64,85,2.79
64,86,2.82
64,87,2.86
64,88,2.89
64,89,2.92
65,1,0.03
65,2,0.06
65,3,0.1
65,4,0.13
65,5,0.16
65,6,0.19
65,7,0.23
65,8,0.26
65,9,0.29
65,10,0.32
65,11,0.35
65,12,0.39
65,13,0.42
65,14,0.45
65,15,0.48
65,16,0.52
65,17,0.55
65,18,0.58
65,19,0.61
65,20,0.64
65,21,0.68
65,22,0.71
65,23,0.74
65,24,0.77
65,25,0.8
65,26,0.84
65,27,0.87
65,28,0.9
65,29,0.93
65,30,0.97
65,31,1.0
65,32,1.03
65,33,1.06
65,34,1.09
65,35,1.12
65,36,1.16
65,37,1.19
65,38,1.22
65,39,1.25
65,40,1.28
65,41,1.32
65,42,1.35
65,43,1.38
65,44,1.41
65,45,1.44
65,46,1.48
65,47,1.51
65,48,1.54
65,49,1.57
65,50,1.6
65,51,1.64
65,52,1.67
65,53,1.7
65,54,1.73
65,55,1.76
65,56,1.79
65,57,1.83
65,58,1.86
65,59,1.89
65,60,1.92
65,61,1.95
65,62,1.98
65,63,2.02
65,64,2.05
65,65,2.08
65,66,2.11
65,67,2.14
65,68,2.17
65,69,2.21
65,70,2.24
65,71,2.27
65,72,2.3
65,73,2.33
65,74,2.36
65,75,2.4
65,76,2.43
65,77,2.46
65,78,2.49
65,79,2.52
65,80,2.55
65,81,2.58
65,82,2.62
65,83,2.65
65,84,2.68
65,85,2.71
65,86,2.74
65,87,2.77
65,88,2.8
65,89,2.84
66,1,0.03
66,2,0.06
66,3,0.09
66,4,0.13
66,5,0.16
66,6,0.19
66,7,0.22
66,8,0.25
66,9,0.28
66,10,0.31
66,11,0.34
66,12,0.38
66,13,0.41
66,14,0.44
66,15,0.47
66,16,0.5
66,17,0.53
66,18,0.56
66,19,0.59
66,20,0.62
66,21,0.66
66,22,0.69
66,23,0.72
66,24,0.75
66,25,0.78
66,26,0.81
66,27,0.84
66,28,0.87
66,29,0.9
66,30,0.94
66,31,0.97
66,32,1.0
66,33,1.03
66,34,1.06
66,35,1.09
66,36,1.12
66,37,1.15
66,38,1.18
66,39,1.22
66,40,1.25
66,41,1.28
66,42,1.31
66,43,1.34
66,44,1.37
66,45,1.4
66,46,1.43
66,47,1.46
66,48,1.49
66,49,1.52
66,50,1.56
66,51,1.59
66,52,1.62
66,53,1.65
66,54,1.68
66,55,1.71
66,56,1.74
66,57,1.77
66,58,1.8
66,59,1.83
66,60,1.86
66,61,1.89
66,62,1.92
66,63,1.96
66,64,1.99
66,65,2.02
66,66,2.05
66,67,2.08
66,68,2.11
66,69,2.14
66,70,2.17
66,71,2.2
66,72,2.23
66,73,2.26
66,74,2.29
66,75,2.32
66,76,2.35
66,77,2.38
66,78,2.42
66,79,2.45
66,80,2.48
66,81,2.51
66,82,2.54
66,83,2.57
66,84,2.6
66,85,2.63
66,86,2.66
66,87,2.69
66,88,2.72
66,89,2.75
67,1,0.03
67,2,0.06
67,3,0.09
67,4,0.12
67,5,0.15
67,6,0.18
67,7,0.21
67,8,0.24
67,9,0.27
67,10,0.3
67,11,0.33
67,12,0.36
67,13,0.4
67,14,0.43
67,15,0.46
67,16,0.49
67,17,0.52
67,18,0.55
67,19,0.58
67,20,0.61
67,21,0.64
67,22,0.67
67,23,0.7
67,24,0.73
67,25,0.76
67,26,0.79
67,27,0.82
67,28,0.85
67,29,0.88
67,30,0.91
67,31,0.94
67,32,0.97
67,33,1.0
67,34,1.03
67,35,1.06
67,36,1.09
67,37,1.12
67,38,1.15
67,39,1.18
67,40,1.21
67,41,1.24
67,42,1.27
67,43,1.3
67,44,1.33
67,45,1.36
67,46,1.39
67,47,1.42
67,48,1.45
67,49,1.48
67,50,1.51
67,51,1.54
67,52,1.57
67,53,1.6
67,54,1.63
67,55,1.66
67,56,1.69
67,57,1.72
67,58,1.75
67,59,1.78
67,60,1.81
67,61,1.84
67,62,1.87
67,63,1.9
67,64,1.93
67,65,1.96
67,66,1.99
67,67,2.02
67,68,2.05
67,69,2.08
67,70,2.11
67,71,2.14
67,72,2.17
67,73,2.2
67,74,2.23
67,75,2.26
67,76,2.29
67,77,2.32
67,78,2.35
67,79,2.38
67,80,2.41
67,81,2.44
67,82,2.47
67,83,2.5
67,84,2.53
67,85,2.56
67,86,2.59
67,87,2.62
67,88,2.65
67,89,2.68
68,1,0.03
68,2,0.06
68,3,0.09
68,4,0.12
68,5,0.15
68,6,0.18
68,7,0.21
68,8,0.24
68,9,0.27
68,10,0.3
68,11,0.32
68,12,0.35
68,13,0.38
68,14,0.41
68,15,0.44
68,16,0.47
68,17,0.5
68,18,0.53
68,19,0.56
68,20,0.59
68,21,0.62
68,22,0.65
68,23,0.68
68,24,0.71
68,25,0.74
68,26,0.77
68,27,0.8
68,28,0.83
68,29,0.85
68,30,0.88
68,31,0.91
68,32,0.94
68,33,0.97
68,34,1.0
68,35,1.03
68,36,1.06
68,37,1.09
68,38,1.12
68,39,1.15
68,40,1.18
68,41,1.21
68,42,1.24
68,43,1.26
68,44,1.29
68,45,1.32
68,46,1.35
68,47,1.38
68,48,1.41
68,49,1.44
68,50,1.47
68,51,1.5
68,52,1.53
68,53,1.56
68,54,1.59
68,55,1.61
68,56,1.64
68,57,1.67
68,58,1.7
68,59,1.73
68,60,1.76
68,61,1.79
68,62,1.82
68,63,1.85
68,64,1.88
68,65,1.9
68,66,1.93
68,67,1.96
68,68,1.99
68,69,2.02
68,70,2.05
68,71,2.08
68,72,2.11
68,73,2.14
68,74,2.17
68,75,2.19
68,76,2.22
68,77,2.25
68,78,2.28
68,79,2.31
68,80,2.34
68,81,2.37
68,82,2.4
68,83,2.43
68,84,2.45
68,85,2.48
68,86,2.51
68,87,2.54
68,88,2.57
68,89,2.6
69,1,0.03
69,2,0.06
69,3,0.09
69,4,0.11
69,5,0.14
69,6,0.17
69,7,0.2
69,8,0.23
69,9,0.26
69,10,0.29
69,11,0.32
69,12,0.34
69,13,0.37
69,14,0.4
69,15,0.43
69,16,0.46
69,17,0.49
69,18,0.52
69,19,0.54
69,20,0.57
69,21,0.6
69,22,0.63
69,23,0.66
69,24,0.69
69,25,0.72
69,26,0.74
69,27,0.77
69,28,0.8
69,29,0.83
69,30,0.86
69,31,0.89
69,32,0.91
69,33,0.94
69,34,0.97
69,35,1.0
69,36,1.03
69,37,1.06
69,38,1.09
69,39,1.11
69,40,1.14
69,41,1.17
69,42,1.2
69,43,1.23
69,44,1.26
69,45,1.28
69,46,1.31
69,47,1.34
69,48,1.37
69,49,1.4
69,50,1.43
69,51,1.45
69,52,1.48
69,53,1.51
69,54,1.54
69,55,1.57
69,56,1.59
69,57,1.62
69,58,1.65
69,59,1.68
69,60,1.71
69,61,1.74
69,62,1.76
69,63,1.79
69,64,1.82
69,65,1.85
69,66,1.88
69,67,1.91
69,68,1.93
69,69,1.96
69,70,1.99
69,71,2.02
69,72,2.05
69,73,2.07
69,74,2.1
69,75,2.13
69,76,2.16
69,77,2.19
69,78,2.21
69,79,2.24
69,80,2.27
69,81,2.3
69,82,2.33
69,83,2.35
69,84,2.38
69,85,2.41
69,86,2.44
69,87,2.47
69,88,2.49
69,89,2.52
70,1,0.03
70,2,0.06
70,3,0.08
70,4,0.11
70,5,0.14
70,6,0.17
70,7,0.2
70,8,0.22
70,9,0.25
70,10,0.28
70,11,0.31
70,12,0.33
70,13,0.36
70,14,0.39
70,15,0.42
70,16,0.45
70,17,0.47
70,18,0.5
70,19,0.53
70,20,0.56
70,21,0.58
70,22,0.61
70,23,0.64
70,24,0.67
70,25,0.7
70,26,0.72
70,27,0.75
70,28,0.78
70,29,0.81
70,30,0.83
70,31,0.86
70,32,0.89
70,33,0.92
70,34,0.95
70,35,0.97
70,36,1.0
70,37,1.03
70,38,1.06
70,39,1.08
70,40,1.11
70,41,1.14
70,42,1.17
70,43,1.19
70,44,1.22
70,45,1.25
70,46,1.28
70,47,1.3
70,48,1.33
70,49,1.36
70,50,1.39
70,51,1.41
70,52,1.44
70,53,1.47
70,54,1.5
70,55,1.52
70,56,1.55
70,57,1.58
70,58,1.61
70,59,1.63
70,60,1.66
70,61,1.69
70,62,1.72
70,63,1.74
70,64,1.77
70,65,1.8
70,66,1.83
70,67,1.85
70,68,1.88
70,69,1.91
70,70,1.94
70,71,1.96
70,72,1.99
70,73,2.02
70,74,2.05
70,75,2.07
70,76,2.1
70,77,2.13
70,78,2.15
70,79,2.18
70,80,2.21
70,81,2.24
70,82,2.26
70,83,2.29
70,84,2.32
70,85,2.35
70,86,2.37
70,87,2.4
70,88,2.43
70,89,2.46
71,1,0.03
71,2,0.05
71,3,0.08
71,4,0.11
71,5,0.14
71,6,0.16
71,7,0.19
71,8,0.22
71,9,0.24
71,10,0.27
71,11,0.3
71,12,0.33
71,13,0.35
71,14,0.38
71,15,0.41
71,16,0.43
71,17,0.46
71,18,0.49
71,19,0.51
71,20,0.54
71,21,0.57
71,22,0.6
71,23,0.62
71,24,0.65
71,25,0.68
71,26,0.7
71,27,0.73
71,28,0.76
71,29,0.78
71,30,0.81
71,31,0.84
71,32,0.86
71,33,0.89
71,34,0.92
71,35,0.95
71,36,0.97
71,37,1.0
71,38,1.03
71,39,1.05
71,40,1.08
71,41,1.11
71,42,1.13
71,43,1.16
71,44,1.19
71,45,1.21
71,46,1.24
71,47,1.27
71,48,1.29
71,49,1.32
71,50,1.35
71,51,1.38
71,52,1.4
71,53,1.43
71,54,1.46
71,55,1.48
71,56,1.51
71,57,1.54
71,58,1.56
71,59,1.59
71,60,1.62
71,61,1.64
71,62,1.67
71,63,1.7
71,64,1.72
71,65,1.75
71,66,1.78
71,67,1.8
71,68,1.83
71,69,1.86
71,70,1.88
71,71,1.91
71,72,1.94
71,73,1.96
71,74,1.99
71,75,2.02
71,76,2.04
71,77,2.07
71,78,2.1
71,79,2.12
71,80,2.15
71,81,2.18
71,82,2.2
71,83,2.23
71,84,2.25
71,85,2.28
71,86,2.31
71,87,2.33
71,88,2.36
71,89,2.39
72,1,0.03
72,2,0.05
72,3,0.08
72,4,0.11
72,5,0.13
72,6,0.16
72,7,0.18
72,8,0.21
72,9,0.24
72,10,0.26
72,11,0.29
72,12,0.32
72,13,0.34
72,14,0.37
72,15,0.39
72,16,0.42
72,17,0.45
72,18,0.47
72,19,0.5
72,20,0.53
72,21,0.55
72,22,0.58
72,23,0.6
72,24,0.63
72,25,0.66
72,26,0.68
72,27,0.71
72,28,0.74
72,29,0.76
72,30,0.79
72,31,0.81
72,32,0.84
72,33,0.87
72,34,0.89
72,35,0.92
72,36,0.94
72,37,0.97
72,38,1.0
72,39,1.02
72,40,1.05
72,41,1.08
72,42,1.1
72,43,1.13
72,44,1.15
72,45,1.18
72,46,1.21
72,47,1.23
72,48,1.26
72,49,1.28
72,50,1.31
72,51,1.34
72,52,1.36
72,53,1.39
72,54,1.41
72,55,1.44
72,56,1.47
72,57,1.49
72,58,1.52
72,59,1.54
72,60,1.57
72,61,1.6
72,62,1.62
72,63,1.65
72,64,1.67
72,65,1.7
72,66,1.73
72,67,1.75
72,68,1.78
72,69,1.8
72,70,1.83
72,71,1.85
72,72,1.88
72,73,1.91
72,74,1.93
72,75,1.96
72,76,1.98
72,77,2.01
72,78,2.04
72,79,2.06
72,80,2.09
72,81,2.11
72,82,2.14
72,83,2.16
72,84,2.19
72,85,2.22
72,86,2.24
72,87,2.27
72,88,2.29
72,89,2.32
73,1,0.03
73,2,0.05
73,3,0.08
73,4,0.1
73,5,0.13
73,6,0.15
73,7,0.18
73,8,0.21
73,9,0.23
73,10,0.26
73,11,0.28
73,12,0.31
73,13,0.33
73,14,0.36
73,15,0.38
73,16,0.41
73,17,0.44
73,18,0.46
73,19,0.49
73,20,0.51
73,21,0.54
73,22,0.56
73,23,0.59
73,24,0.61
73,25,0.64
73,26,0.67
73,27,0.69
73,28,0.72
73,29,0.74
73,30,0.77
73,31,0.79
73,32,0.82
73,33,0.84
73,34,0.87
73,35,0.89
73,36,0.92
73,37,0.95
73,38,0.97
73,39,1.0
73,40,1.02
73,41,1.05
73,42,1.07
73,43,1.1
73,44,1.12
73,45,1.15
73,46,1.17
73,47,1.2
73,48,1.23
73,49,1.25
73,50,1.28
73,51,1.3
73,52,1.33
73,53,1.35
73,54,1.38
73,55,1.4
73,56,1.43
73,57,1.45
73,58,1.48
73,59,1.5
73,60,1.53
73,61,1.55
73,62,1.58
73,63,1.61
73,64,1.63
73,65,1.66
73,66,1.68
73,67,1.71
73,68,1.73
73,69,1.76
73,70,1.78
73,71,1.81
73,72,1.83
73,73,1.86
73,74,1.88
73,75,1.91
73,76,1.93
73,77,1.96
73,78,1.98
73,79,2.01
73,80,2.03
73,81,2.06
73,82,2.08
73,83,2.11
73,84,2.13
73,85,2.16
73,86,2.18
73,87,2.21
73,88,2.23
73,89,2.26
74,1,0.02
74,2,0.05
74,3,0.07
74,4,0.1
74,5,0.12
74,6,0.15
74,7,0.17
74,8,0.2
74,9,0.22
74,10,0.25
74,11,0.27
74,12,0.3
74,13,0.32
74,14,0.35
74,15,0.37
74,16,0.4
74,17,0.42
74,18,0.45
74,19,0.47
74,20,0.5
74,21,0.52
74,22,0.55
74,23,0.57
74,24,0.6
74,25,0.62
74,26,0.65
74,27,0.67
74,28,0.7
74,29,0.72
74,30,0.75
74,31,0.77
74,32,0.8
74,33,0.82
74,34,0.85
74,35,0.87
74,36,0.9
74,37,0.92
74,38,0.95
74,39,0.97
74,40,1.0
74,41,1.02
74,42,1.04
74,43,1.07
74,44,1.09
74,45,1.12
74,46,1.14
74,47,1.17
74,48,1.19
74,49,1.22
74,50,1.24
74,51,1.27
74,52,1.29
74,53,1.32
74,54,1.34
74,55,1.37
74,56,1.39
74,57,1.41
74,58,1.44
74,59,1.46
74,60,1.49
74,61,1.51
74,62,1.54
74,63,1.56
74,64,1.59
74,65,1.61
74,66,1.64
74,67,1.66
74,68,1.69
74,69,1.71
74,70,1.73
74,71,1.76
74,72,1.78
74,73,1.81
74,74,1.83
74,75,1.86
74,76,1.88
74,77,1.91
74,78,1.93
74,79,1.96
74,80,1.98
74,81,2.0
74,82,2.03
74,83,2.05
74,84,2.08
74,85,2.1
74,86,2.13
74,87,2.15
74,88,2.18
74,89,2.2
75,1,0.02
75,2,0.05
75,3,0.07
75,4,0.1
75,5,0.12
75,6,0.15
75,7,0.17
75,8,0.19
75,9,0.22
75,10,0.24
75,11,0.27
75,12,0.29
75,13,0.32
75,14,0.34
75,15,0.36
75,16,0.39
75,17,0.41
75,18,0.44
75,19,0.46
75,20,0.49
75,21,0.51
75,22,0.53
75,23,0.56
75,24,0.58
75,25,0.61
75,26,0.63
75,27,0.65
75,28,0.68
75,29,0.7
75,30,0.73
75,31,0.75
75,32,0.78
75,33,0.8
75,34,0.82
75,35,0.85
75,36,0.87
75,37,0.9
75,38,0.92
75,39,0.94
75,40,0.97
75,41,0.99
75,42,1.02
75,43,1.04
75,44,1.06
75,45,1.09
75,46,1.11
75,47,1.14
75,48,1.16
75,49,1.18
75,50,1.21
75,51,1.23
75,52,1.26
75,53,1.28
75,54,1.3
75,55,1.33
75,56,1.35
75,57,1.38
75,58,1.4
75,59,1.42
75,60,1.45
75,61,1.47
75,62,1.5
75,63,1.52
75,64,1.54
75,65,1.57
75,66,1.59
75,67,1.62
75,68,1.64
75,69,1.66
75,70,1.69
75,71,1.71
75,72,1.74
75,73,1.76
75,74,1.78
75,75,1.81
75,76,1.83
75,77,1.85
75,78,1.88
75,79,1.9
75,80,1.93
75,81,1.95
75,82,1.97
75,83,2.0
75,84,2.02
75,85,2.05
75,86,2.07
75,87,2.09
75,88,2.12
75,89,2.14
76,1,0.02
76,2,0.05
76,3,0.07
76,4,0.09
76,5,0.12
76,6,0.14
76,7,0.17
76,8,0.19
76,9,0.21
76,10,0.24
76,11,0.26
76,12,0.28
76,13,0.31
76,14,0.33
76,15,0.36
76,16,0.38
76,17,0.4
76,18,0.43
76,19,0.45
76,20,0.47
76,21,0.5
76,22,0.52
76,23,0.54
76,24,0.57
76,25,0.59
76,26,0.62
76,27,0.64
76,28,0.66
76,29,0.69
76,30,0.71
76,31,0.73
76,32,0.76
76,33,0.78
76,34,0.8
76,35,0.83
76,36,0.85
76,37,0.87
76,38,0.9
76,39,0.92
76,40,0.94
76,41,0.97
76,42,0.99
76,43,1.02
76,44,1.04
76,45,1.06
76,46,1.09
76,47,1.11
76,48,1.13
76,49,1.16
76,50,1.18
76,51,1.2
76,52,1.23
76,53,1.25
76,54,1.27
76,55,1.3
76,56,1.32
76,57,1.34
76,58,1.37
76,59,1.39
76,60,1.41
76,61,1.44
76,62,1.46
76,63,1.48
76,64,1.51
76,65,1.53
76,66,1.55
76,67,1.58
76,68,1.6
76,69,1.62
76,70,1.65
76,71,1.67
76,72,1.69
76,73,1.72
76,74,1.74
76,75,1.76
76,76,1.79
76,77,1.81
76,78,1.83
76,79,1.86
76,80,1.88
76,81,1.9
76,82,1.93
76,83,1.95
76,84,1.97
76,85,2.0
76,86,2.02
76,87,2.04
76,88,2.07
76,89,2.09
77,1,0.02
77,2,0.05
77,3,0.07
77,4,0.09
77,5,0.12
77,6,0.14
77,7,0.16
77,8,0.18
77,9,0.21
77,10,0.23
77,11,0.25
77,12,0.28
77,13,0.3
77,14,0.32
77,15,0.35
77,16,0.37
77,17,0.39
77,18,0.41
77,19,0.44
77,20,0.46
77,21,0.48
77,22,0.51
77,23,0.53
77,24,0.55
77,25,0.57
77,26,0.6
77,27,0.62
77,28,0.64
77,29,0.67
77,30,0.69
77,31,0.71
77,32,0.73
77,33,0.76
77,34,0.78
77,35,0.8
77,36,0.83
77,37,0.85
77,38,0.87
77,39,0.89
77,40,0.92
77,41,0.94
77,42,0.96
77,43,0.99
77,44,1.01
77,45,1.03
77,46,1.05
77,47,1.08
77,48,1.1
77,49,1.12
77,50,1.15
77,51,1.17
77,52,1.19
77,53,1.21
77,54,1.24
77,55,1.26
77,56,1.28
77,57,1.31
77,58,1.33
77,59,1.35
77,60,1.37
77,61,1.4
77,62,1.42
77,63,1.44
77,64,1.46
77,65,1.49
77,66,1.51
77,67,1.53
77,68,1.55
77,69,1.58
77,70,1.6
77,71,1.62
77,72,1.65
77,73,1.67
77,74,1.69
77,75,1.71
77,76,1.74
77,77,1.76
77,78,1.78
77,79,1.8
77,80,1.83
77,81,1.85
77,82,1.87
77,83,1.89
77,84,1.92
77,85,1.94
77,86,1.96
77,87,1.99
77,88,2.01
77,89,2.03
78,1,0.02
78,2,0.04
78,3,0.07
78,4,0.09
78,5,0.11
78,6,0.13
78,7,0.16
78,8,0.18
78,9,0.2
78,10,0.22
78,11,0.25
78,12,0.27
78,13,0.29
78,14,0.31
78,15,0.34
78,16,0.36
78,17,0.38
78,18,0.4
78,19,0.43
78,20,0.45
78,21,0.47
78,22,0.49
78,23,0.52
78,24,0.54
78,25,0.56
78,26,0.58
78,27,0.6
78,28,0.63
78,29,0.65
78,30,0.67
78,31,0.69
78,32,0.72
78,33,0.74
78,34,0.76
78,35,0.78
78,36,0.81
78,37,0.83
78,38,0.85
78,39,0.87
78,40,0.89
78,41,0.92
78,42,0.94
78,43,0.96
78,44,0.98
78,45,1.01
78,46,1.03
78,47,1.05
78,48,1.07
78,49,1.09
78,50,1.12
78,51,1.14
78,52,1.16
78,53,1.18
78,54,1.21
78,55,1.23
78,56,1.25
78,57,1.27
78,58,1.29
78,59,1.32
78,60,1.34
78,61,1.36
78,62,1.38
78,63,1.41
78,64,1.43
78,65,1.45
78,66,1.47
78,67,1.49
78,68,1.52
78,69,1.54
78,70,1.56
78,71,1.58
78,72,1.6
78,73,1.63
78,74,1.65
78,75,1.67
78,76,1.69
78,77,1.71
78,78,1.74
78,79,1.76
78,80,1.78
78,81,1.8
78,82,1.82
78,83,1.85
78,84,1.87
78,85,1.89
78,86,1.91
78,87,1.94
78,88,1.96
78,89,1.98
79,1,0.02
79,2,0.04
79,3,0.07
79,4,0.09
79,5,0.11
79,6,0.13
79,7,0.15
79,8,0.18
79,9,0.2
79,10,0.22
79,11,0.24
79,12,0.26
79,13,0.29
79,14,0.31
79,15,0.33
79,16,0.35
79,17,0.37
79,18,0.39
79,19,0.42
79,20,0.44
79,21,0.46
79,22,0.48
79,23,0.5
79,24,0.53
79,25,0.55
79,26,0.57
79,27,0.59
79,28,0.61
79,29,0.64
79,30,0.66
79,31,0.68
79,32,0.7
79,33,0.72
79,34,0.74
79,35,0.77
79,36,0.79
79,37,0.81
79,38,0.83
79,39,0.85
79,40,0.88
79,41,0.9
79,42,0.92
79,43,0.94
79,44,0.96
79,45,0.98
79,46,1.01
79,47,1.03
79,48,1.05
79,49,1.07
79,50,1.09
79,51,1.11
79,52,1.14
79,53,1.16
79,54,1.18
79,55,1.2
79,56,1.22
79,57,1.24
79,58,1.27
79,59,1.29
79,60,1.31
79,61,1.33
79,62,1.35
79,63,1.37
79,64,1.4
79,65,1.42
79,66,1.44
79,67,1.46
79,68,1.48
79,69,1.5
79,70,1.53
79,71,1.55
79,72,1.57
79,73,1.59
79,74,1.61
79,75,1.63
79,76,1.66
79,77,1.68
79,78,1.7
79,79,1.72
79,80,1.74
79,81,1.76
79,82,1.79
79,83,1.81
79,84,1.83
79,85,1.85
79,86,1.87
79,87,1.89
79,88,1.92
79,89,1.94
80,1,0.02
80,2,0.04
80,3,0.06
80,4,0.09
80,5,0.11
80,6,0.13
80,7,0.15
80,8,0.17
80,9,0.19
80,10,0.21
80,11,0.23
80,12,0.26
80,13,0.28
80,14,0.3
80,15,0.32
80,16,0.34
80,17,0.36
80,18,0.38
80,19,0.41
80,20,0.43
80,21,0.45
80,22,0.47
80,23,0.49
80,24,0.51
80,25,0.53
80,26,0.55
80,27,0.58
80,28,0.6
80,29,0.62
80,30,0.64
80,31,0.66
80,32,0.68
80,33,0.7
80,34,0.72
80,35,0.75
80,36,0.77
80,37,0.79
80,38,0.81
80,39,0.83
80,40,0.85
80,41,0.87
80,42,0.89
80,43,0.92
80,44,0.94
80,45,0.96
80,46,0.98
80,47,1.0
80,48,1.02
80,49,1.04
80,50,1.06
80,51,1.08
80,52,1.11
80,53,1.13
80,54,1.15
80,55,1.17
80,56,1.19
80,57,1.21
80,58,1.23
80,59,1.25
80,60,1.28
80,61,1.3
80,62,1.32
80,63,1.34
80,64,1.36
80,65,1.38
80,66,1.4
80,67,1.42
80,68,1.44
80,69,1.46
80,70,1.49
80,71,1.51
80,72,1.53
80,73,1.55
80,74,1.57
80,75,1.59
80,76,1.61
80,77,1.63
80,78,1.65
80,79,1.68
80,80,1.7
80,81,1.72
80,82,1.74
80,83,1.76
80,84,1.78
80,85,1.8
80,86,1.82
80,87,1.84
80,88,1.86
80,89,1.89
81,1,0.02
81,2,0.04
81,3,0.06
81,4,0.08
81,5,0.1
81,6,0.13
81,7,0.15
81,8,0.17
81,9,0.19
81,10,0.21
81,11,0.23
81,12,0.25
81,13,0.27
81,14,0.29
81,15,0.31
81,16,0.33
81,17,0.35
81,18,0.38
81,19,0.4
81,20,0.42
81,21,0.44
81,22,0.46
81,23,0.48
81,24,0.5
81,25,0.52
81,26,0.54
81,27,0.56
81,28,0.58
81,29,0.6
81,30,0.62
81,31,0.65
81,32,0.67
81,33,0.69
81,34,0.71
81,35,0.73
81,36,0.75
81,37,0.77
81,38,0.79
81,39,0.81
81,40,0.83
81,41,0.85
81,42,0.87
81,43,0.89
81,44,0.92
81,45,0.94
81,46,0.96
81,47,0.98
81,48,1.0
81,49,1.02
81,50,1.04
81,51,1.06
81,52,1.08
81,53,1.1
81,54,1.12
81,55,1.14
81,56,1.16
81,57,1.18
81,58,1.2
81,59,1.23
81,60,1.25
81,61,1.27
81,62,1.29
81,63,1.31
81,64,1.33
81,65,1.35
81,66,1.37
81,67,1.39
81,68,1.41
81,69,1.43
81,70,1.45
81,71,1.47
81,72,1.49
81,73,1.51
81,74,1.53
81,75,1.56
81,76,1.58
81,77,1.6
81,78,1.62
81,79,1.64
81,80,1.66
81,81,1.68
81,82,1.7
81,83,1.72
81,84,1.74
81,85,1.76
81,86,1.78
81,87,1.8
81,88,1.82
81,89,1.84
82,1,0.02
82,2,0.04
82,3,0.06
82,4,0.08
82,5,0.1
82,6,0.12
82,7,0.14
82,8,0.16
82,9,0.18
82,10,0.2
82,11,0.22
82,12,0.24
82,13,0.26
82,14,0.29
82,15,0.31
82,16,0.33
82,17,0.35
82,18,0.37
82,19,0.39
82,20,0.41
82,21,0.43
82,22,0.45
82,23,0.47
82,24,0.49
82,25,0.51
82,26,0.53
82,27,0.55
82,28,0.57
82,29,0.59
82,30,0.61
82,31,0.63
82,32,0.65
82,33,0.67
82,34,0.69
82,35,0.71
82,36,0.73
82,37,0.75
82,38,0.77
82,39,0.79
82,40,0.81
82,41,0.83
82,42,0.85
82,43,0.87
82,44,0.89
82,45,0.91
82,46,0.93
82,47,0.95
82,48,0.97
82,49,1.0
82,50,1.02
82,51,1.04
82,52,1.06
82,53,1.08
82,54,1.1
82,55,1.12
82,56,1.14
82,57,1.16
82,58,1.18
82,59,1.2
82,60,1.22
82,61,1.24
82,62,1.26
82,63,1.28
82,64,1.3
82,65,1.32
82,66,1.34
82,67,1.36
82,68,1.38
82,69,1.4
82,70,1.42
82,71,1.44
82,72,1.46
82,73,1.48
82,74,1.5
82,75,1.52
82,76,1.54
82,77,1.56
82,78,1.58
82,79,1.6
82,80,1.62
82,81,1.64
82,82,1.66
82,83,1.68
82,84,1.7
82,85,1.72
82,86,1.74
82,87,1.76
82,88,1.78
82,89,1.8
83,1,0.02
83,2,0.04
83,3,0.06
83,4,0.08
83,5,0.1
83,6,0.12
83,7,0.14
83,8,0.16
83,9,0.18
83,10,0.2
83,11,0.22
83,12,0.24
83,13,0.26
83,14,0.28
83,15,0.3
83,16,0.32
83,17,0.34
83,18,0.36
83,19,0.38
83,20,0.4
83,21,0.42
83,22,0.44
83,23,0.46
83,24,0.48
83,25,0.5
83,26,0.52
83,27,0.54
83,28,0.56
83,29,0.58
83,30,0.6
83,31,0.62
83,32,0.64
83,33,0.66
83,34,0.68
83,35,0.69
83,36,0.71
83,37,0.73
83,38,0.75
83,39,0.77
83,40,0.79
83,41,0.81
83,42,0.83
83,43,0.85
83,44,0.87
83,45,0.89
83,46,0.91
83,47,0.93
83,48,0.95
83,49,0.97
83,50,0.99
83,51,1.01
83,52,1.03
83,53,1.05
83,54,1.07
83,55,1.09
83,56,1.11
83,57,1.13
83,58,1.15
83,59,1.17
83,60,1.19
83,61,1.21
83,62,1.23
83,63,1.25
83,64,1.27
83,65,1.29
83,66,1.31
83,67,1.33
83,68,1.35
83,69,1.37
83,70,1.38
83,71,1.4
83,72,1.42
83,73,1.44
83,74,1.46
83,75,1.48
83,76,1.5
83,77,1.52
83,78,1.54
83,79,1.56
83,80,1.58
83,81,1.6
83,82,1.62
83,83,1.64
83,84,1.66
83,85,1.68
83,86,1.7
83,87,1.72
83,88,1.74
83,89,1.76
84,1,0.02
84,2,0.04
84,3,0.06
84,4,0.08
84,5,0.1
84,6,0.12
84,7,0.14
84,8,0.16
84,9,0.17
84,10,0.19
84,11,0.21
84,12,0.23
84,13,0.25
84,14,0.27
84,15,0.29
84,16,0.31
84,17,0.33
84,18,0.35
84,19,0.37
84,20,0.39
84,21,0.41
84,22,0.43
84,23,0.45
84,24,0.47
84,25,0.48
84,26,0.5
84,27,0.52
84,28,0.54
84,29,0.56
84,30,0.58
84,31,0.6
84,32,0.62
84,33,0.64
84,34,0.66
84,35,0.68
84,36,0.7
84,37,0.72
84,38,0.74
84,39,0.76
84,40,0.77
84,41,0.79
84,42,0.81
84,43,0.83
84,44,0.85
84,45,0.87
84,46,0.89
84,47,0.91
84,48,0.93
84,49,0.95
84,50,0.97
84,51,0.99
84,52,1.01
84,53,1.02
84,54,1.04
84,55,1.06
84,56,1.08
84,57,1.1
84,58,1.12
84,59,1.14
84,60,1.16
84,61,1.18
84,62,1.2
84,63,1.22
84,64,1.24
84,65,1.26
84,66,1.27
84,67,1.29
84,68,1.31
84,69,1.33
84,70,1.35
84,71,1.37
84,72,1.39
84,73,1.41
84,74,1.43
84,75,1.45
84,76,1.47
84,77,1.49
84,78,1.5
84,79,1.52
84,80,1.54
84,81,1.56
84,82,1.58
84,83,1.6
84,84,1.62
84,85,1.64
84,86,1.66
84,87,1.68
84,88,1.7
84,89,1.71
85,1,0.02
85,2,0.04
85,3,0.06
85,4,0.08
85,5,0.09
85,6,0.11
85,7,0.13
85,8,0.15
85,9,0.17
85,10,0.19
85,11,0.21
85,12,0.23
85,13,0.25
85,14,0.26
85,15,0.28
85,16,0.3
85,17,0.32
85,18,0.34
85,19,0.36
85,20,0.38
85,21,0.4
85,22,0.42
85,23,0.43
85,24,0.45
85,25,0.47
85,26,0.49
85,27,0.51
85,28,0.53
85,29,0.55
85,30,0.57
85,31,0.59
85,32,0.6
85,33,0.62
85,34,0.64
85,35,0.66
85,36,0.68
85,37,0.7
85,38,0.72
85,39,0.74
85,40,0.75
85,41,0.77
85,42,0.79
85,43,0.81
85,44,0.83
85,45,0.85
85,46,0.87
85,47,0.89
85,48,0.91
85,49,0.92
85,50,0.94
85,51,0.96
85,52,0.98
85,53,1.0
85,54,1.02
85,55,1.04
85,56,1.06
85,57,1.07
85,58,1.09
85,59,1.11
85,60,1.13
85,61,1.15
85,62,1.17
85,63,1.19
85,64,1.21
85,65,1.22
85,66,1.24
85,67,1.26
85,68,1.28
85,69,1.3
85,70,1.32
85,71,1.34
85,72,1.35
85,73,1.37
85,74,1.39
85,75,1.41
85,76,1.43
85,77,1.45
85,78,1.47
85,79,1.49
85,80,1.5
85,81,1.52
85,82,1.54
85,83,1.56
85,84,1.58
85,85,1.6
85,86,1.62
85,87,1.63
85,88,1.65
85,89,1.67
86,1,0.02
86,2,0.04
86,3,0.06
86,4,0.07
86,5,0.09
86,6,0.11
86,7,0.13
86,8,0.15
86,9,0.17
86,10,0.19
86,11,0.2
86,12,0.22
86,13,0.24
86,14,0.26
86,15,0.28
86,16,0.3
86,17,0.31
86,18,0.33
86,19,0.35
86,20,0.37
86,21,0.39
86,22,0.41
86,23,0.43
86,24,0.44
86,25,0.46
86,26,0.48
86,27,0.5
86,28,0.52
86,29,0.54
86,30,0.56
86,31,0.57
86,32,0.59
86,33,0.61
86,34,0.63
86,35,0.65
86,36,0.67
86,37,0.68
86,38,0.7
86,39,0.72
86,40,0.74
86,41,0.76
86,42,0.78
86,43,0.79
86,44,0.81
86,45,0.83
86,46,0.85
86,47,0.87
86,48,0.89
86,49,0.91
86,50,0.92
86,51,0.94
86,52,0.96
86,53,0.98
86,54,1.0
86,55,1.02
86,56,1.03
86,57,1.05
86,58,1.07
86,59,1.09
86,60,1.11
86,61,1.13
86,62,1.14
86,63,1.16
86,64,1.18
86,65,1.2
86,66,1.22
86,67,1.24
86,68,1.25
86,69,1.27
86,70,1.29
86,71,1.31
86,72,1.33
86,73,1.35
86,74,1.36
86,75,1.38
86,76,1.4
86,77,1.42
86,78,1.44
86,79,1.46
86,80,1.47
86,81,1.49
86,82,1.51
86,83,1.53
86,84,1.55
86,85,1.56
86,86,1.58
86,87,1.6
86,88,1.62
86,89,1.64
87,1,0.02
87,2,0.04
87,3,0.05
87,4,0.07
87,5,0.09
87,6,0.11
87,7,0.13
87,8,0.14
87,9,0.16
87,10,0.18
87,11,0.2
87,12,0.22
87,13,0.23
87,14,0.25
87,15,0.27
87,16,0.29
87,17,0.31
87,18,0.32
87,19,0.34
87,20,0.36
87,21,0.38
87,22,0.4
87,23,0.41
87,24,0.43
87,25,0.45
87,26,0.47
87,27,0.49
87,28,0.5
87,29,0.52
87,30,0.54
87,31,0.56
87,32,0.58
87,33,0.59
87,34,0.61
87,35,0.63
87,36,0.65
87,37,0.67
87,38,0.68
87,39,0.7
87,40,0.72
87,41,0.74
87,42,0.76
87,43,0.77
87,44,0.79
87,45,0.81
87,46,0.83
87,47,0.85
87,48,0.86
87,49,0.88
87,50,0.9
87,51,0.92
87,52,0.94
87,53,0.95
87,54,0.97
87,55,0.99
87,56,1.01
87,57,1.02
87,58,1.04
87,59,1.06
87,60,1.08
87,61,1.1
87,62,1.11
87,63,1.13
87,64,1.15
87,65,1.17
87,66,1.19
87,67,1.2
87,68,1.22
87,69,1.24
87,70,1.26
87,71,1.27
87,72,1.29
87,73,1.31
87,74,1.33
87,75,1.35
87,76,1.36
87,77,1.38
87,78,1.4
87,79,1.42
87,80,1.43
87,81,1.45
87,82,1.47
87,83,1.49
87,84,1.51
87,85,1.52
87,86,1.54
87,87,1.56
87,88,1.58
87,89,1.6
88,1,0.02
88,2,0.04
88,3,0.05
88,4,0.07
88,5,0.09
88,6,0.11
88,7,0.12
88,8,0.14
88,9,0.16
88,10,0.18
88,11,0.19
88,12,0.21
88,13,0.23
88,14,0.25
88,15,0.27
88,16,0.28
88,17,0.3
88,18,0.32
88,19,0.34
88,20,0.35
88,21,0.37
88,22,0.39
88,23,0.41
88,24,0.42
88,25,0.44
88,26,0.46
88,27,0.48
88,28,0.5
88,29,0.51
88,30,0.53
88,31,0.55
88,32,0.57
88,33,0.58
88,34,0.6
88,35,0.62
88,36,0.64
88,37,0.65
88,38,0.67
88,39,0.69
88,40,0.71
88,41,0.72
88,42,0.74
88,43,0.76
88,44,0.78
88,45,0.79
88,46,0.81
88,47,0.83
88,48,0.85
88,49,0.86
88,50,0.88
88,51,0.9
88,52,0.92
88,53,0.94
88,54,0.95
88,55,0.97
88,56,0.99
88,57,1.01
88,58,1.02
88,59,1.04
88,60,1.06
88,61,1.08
88,62,1.09
88,63,1.11
88,64,1.13
88,65,1.15
88,66,1.16
88,67,1.18
88,68,1.2
88,69,1.22
88,70,1.23
88,71,1.25
88,72,1.27
88,73,1.29
88,74,1.3
88,75,1.32
88,76,1.34
88,77,1.36
88,78,1.37
88,79,1.39
88,80,1.41
88,81,1.43
88,82,1.44
88,83,1.46
88,84,1.48
88,85,1.5
88,86,1.51
88,87,1.53
88,88,1.55
88,89,1.57
89,1,0.02
89,2,0.03
89,3,0.05
89,4,0.07
89,5,0.09
89,6,0.1
89,7,0.12
89,8,0.14
89,9,0.16
89,10,0.17
89,11,0.19
89,12,0.21
89,13,0.23
89,14,0.24
89,15,0.26
89,16,0.28
89,17,0.29
89,18,0.31
89,19,0.33
89,20,0.35
89,21,0.36
89,22,0.38
89,23,0.4
89,24,0.42
89,25,0.43
89,26,0.45
89,27,0.47
89,28,0.48
89,29,0.5
89,30,0.52
89,31,0.54
89,32,0.55
89,33,0.57
89,34,0.59
89,35,0.6
89,36,0.62
89,37,0.64
89,38,0.66
89,39,0.67
89,40,0.69
89,41,0.71
89,42,0.73
89,43,0.74
89,44,0.76
89,45,0.78
89,46,0.79
89,47,0.81
89,48,0.83
89,49,0.85
89,50,0.86
89,51,0.88
89,52,0.9
89,53,0.91
89,54,0.93
89,55,0.95
89,56,0.97
89,57,0.98
89,58,1.0
89,59,1.02
89,60,1.03
89,61,1.05
89,62,1.07
89,63,1.09
89,64,1.1
89,65,1.12
89,66,1.14
89,67,1.15
89,68,1.17
89,69,1.19
89,70,1.21
89,71,1.22
89,72,1.24
89,73,1.26
89,74,1.27
89,75,1.29
89,76,1.31
89,77,1.33
89,78,1.34
89,79,1.36
89,80,1.38
89,81,1.39
89,82,1.41
89,83,1.43
89,84,1.45
89,85,1.46
89,86,1.48
89,87,1.5
89,88,1.51
89,89,1.53
